Timestamp,TrafficCount
2020-01-20 00:00:00,487.00
2020-01-20 00:30:00,385.00
2020-01-20 01:30:00,269.00
2020-01-20 02:30:00,517.00
2020-01-20 03:30:00,129.00
2020-01-20 04:30:00,278.00
2020-01-20 05:30:00,435.00
2020-01-20 06:30:00,277.00
2020-01-20 07:30:00,1082.00
2020-01-20 08:30:00,3432.00
2020-01-20 09:30:00,7446.00
2020-01-20 10:30:00,10434.00
2020-01-20 11:30:00,11825.00
2020-01-20 12:30:00,8564.00
2020-01-20 13:30:00,11594.00
2020-01-20 14:30:00,10035.00
2020-01-20 15:30:00,7657.00
2020-01-20 16:30:00,6183.00
2020-01-20 17:30:00,4876.00
2020-01-20 18:30:00,4049.00
2020-01-20 19:30:00,2338.00
2020-01-20 20:30:00,1160.00
2020-01-20 21:30:00,1398.00
2020-01-20 22:30:00,633.00
2020-01-20 23:30:00,263.00
2020-01-21 00:30:00,261.00
2020-01-21 01:30:00,256.00
2020-01-21 02:30:00,281.00
2020-01-21 03:30:00,338.00
2020-01-21 04:30:00,263.00
2020-01-21 05:30:00,617.00
2020-01-21 06:30:00,557.00
2020-01-21 07:30:00,2673.00
2020-01-21 08:30:00,8002.00
2020-01-21 09:30:00,16128.00
2020-01-21 10:30:00,24905.00
2020-01-21 11:30:00,34959.00
2020-01-21 12:30:00,28782.00
2020-01-21 13:30:00,30171.00
2020-01-21 14:30:00,27725.00
2020-01-21 15:30:00,24082.00
2020-01-21 16:30:00,19487.00
2020-01-21 17:30:00,16054.00
2020-01-21 18:30:00,12194.00
2020-01-21 19:30:00,9077.00
2020-01-21 20:30:00,4919.00
2020-01-21 21:30:00,3826.00
2020-01-21 22:30:00,1087.00
2020-01-21 23:30:00,877.00
2020-01-22 00:30:00,381.00
2020-01-22 01:30:00,209.00
2020-01-22 02:30:00,196.00
2020-01-22 03:30:00,365.00
2020-01-22 04:30:00,300.00
2020-01-22 05:30:00,278.00
2020-01-22 06:30:00,824.00
2020-01-22 07:30:00,3164.00
2020-01-22 08:30:00,7674.00
2020-01-22 09:30:00,16821.00
2020-01-22 10:30:00,38016.00
2020-01-22 11:30:00,52405.00
2020-01-22 12:30:00,42522.00
2020-01-22 13:30:00,47863.00
2020-01-22 14:30:00,56875.00
2020-01-22 15:30:00,55951.00
2020-01-22 16:30:00,44857.00
2020-01-22 17:30:00,33734.00
2020-01-22 18:30:00,21005.00
2020-01-22 19:30:00,13542.00
2020-01-22 20:30:00,8156.00
2020-01-22 21:30:00,5830.00
2020-01-22 22:30:00,1108.00
2020-01-22 23:30:00,465.00
2020-01-23 00:30:00,700.00
2020-01-23 01:30:00,657.00
2020-01-23 02:30:00,291.00
2020-01-23 03:30:00,271.00
2020-01-23 04:30:00,137.00
2020-01-23 05:30:00,705.00
2020-01-23 06:30:00,711.00
2020-01-23 07:30:00,4540.00
2020-01-23 08:30:00,12331.00
2020-01-23 09:30:00,27280.00
2020-01-23 10:30:00,42804.00
2020-01-23 11:30:00,70022.00
2020-01-23 12:30:00,36496.00
2020-01-23 13:30:00,40285.00
2020-01-23 14:30:00,53660.00
2020-01-23 15:30:00,38065.00
2020-01-23 16:30:00,27922.00
2020-01-23 17:30:00,20750.00
2020-01-23 18:30:00,18226.00
2020-01-23 19:30:00,15738.00
2020-01-23 20:30:00,10311.00
2020-01-23 21:30:00,4085.00
2020-01-23 22:30:00,2290.00
2020-01-23 23:30:00,1650.00
2020-01-24 00:30:00,1452.00
2020-01-24 01:30:00,1550.00
2020-01-24 02:30:00,614.00
2020-01-24 03:30:00,480.00
2020-01-24 04:30:00,790.00
2020-01-24 05:30:00,1296.00
2020-01-24 06:30:00,1673.00
2020-01-24 07:30:00,3989.00
2020-01-24 08:30:00,10633.00
2020-01-24 09:30:00,28351.00
2020-01-24 10:30:00,45847.00
2020-01-24 11:30:00,50883.00
2020-01-24 12:30:00,16492.00
2020-01-24 13:30:00,13566.00
2020-01-24 14:30:00,14750.00
2020-01-24 15:30:00,12137.00
2020-01-24 16:30:00,10018.00
2020-01-24 17:30:00,8721.00
2020-01-24 18:30:00,7211.00
2020-01-24 19:30:00,4098.00
2020-01-24 20:30:00,2157.00
2020-01-24 21:30:00,1179.00
2020-01-24 22:30:00,957.00
2020-01-24 23:30:00,735.00
2020-01-25 00:30:00,273.00
2020-01-25 01:30:00,75.00
2020-01-25 02:30:00,193.00
2020-01-25 03:30:00,26.00
2020-01-25 04:30:00,53.00
2020-01-25 05:30:00,156.00
2020-01-25 06:30:00,98.00
2020-01-25 07:30:00,291.00
2020-01-25 08:30:00,292.00
2020-01-25 09:30:00,1020.00
2020-01-25 10:30:00,1155.00
2020-01-25 11:30:00,1348.00
2020-01-25 12:30:00,1484.00
2020-01-25 13:30:00,770.00
2020-01-25 14:30:00,1052.00
2020-01-25 15:30:00,990.00
2020-01-25 16:30:00,730.00
2020-01-25 17:30:00,1105.00
2020-01-25 18:30:00,983.00
2020-01-25 19:30:00,645.00
2020-01-25 20:30:00,1038.00
2020-01-25 21:30:00,1163.00
2020-01-25 22:30:00,78.00
2020-01-25 23:30:00,212.00
2020-01-26 00:30:00,40.00
2020-01-26 01:30:00,24.00
2020-01-26 02:30:00,22.00
2020-01-26 03:30:00,74.00
2020-01-26 04:30:00,26.00
2020-01-26 05:30:00,186.00
2020-01-26 06:30:00,42.00
2020-01-26 07:30:00,159.00
2020-01-26 08:30:00,38.00
2020-01-26 09:30:00,137.00
2020-01-26 10:30:00,283.00
2020-01-26 11:30:00,174.00
2020-01-26 12:30:00,279.00
2020-01-26 13:30:00,106.00
2020-01-26 14:30:00,281.00
2020-01-26 15:30:00,220.00
2020-01-26 16:30:00,247.00
2020-01-26 17:30:00,273.00
2020-01-26 18:30:00,312.00
2020-01-26 19:30:00,378.00
2020-01-26 20:30:00,391.00
2020-01-26 21:30:00,585.00
2020-01-26 22:30:00,1092.00
2020-01-26 23:30:00,591.00
2020-01-27 00:00:00,591.00
2020-01-27 00:30:00,177.00
2020-01-27 01:30:00,54.00
2020-01-27 02:30:00,630.00
2020-01-27 03:30:00,104.00
2020-01-27 04:30:00,229.00
2020-01-27 05:30:00,604.00
2020-01-27 06:30:00,459.00
2020-01-27 07:30:00,1201.00
2020-01-27 08:30:00,4929.00
2020-01-27 09:30:00,10575.00
2020-01-27 10:30:00,19226.00
2020-01-27 11:30:00,22354.00
2020-01-27 12:30:00,12963.00
2020-01-27 13:30:00,18882.00
2020-01-27 14:30:00,18978.00
2020-01-27 15:30:00,14500.00
2020-01-27 16:30:00,12747.00
2020-01-27 17:30:00,8000.00
2020-01-27 18:30:00,5748.00
2020-01-27 19:30:00,3864.00
2020-01-27 20:30:00,2333.00
2020-01-27 21:30:00,1671.00
2020-01-27 22:30:00,1062.00
2020-01-27 23:30:00,730.00
2020-01-28 00:30:00,287.00
2020-01-28 01:30:00,586.00
2020-01-28 02:30:00,259.00
2020-01-28 03:30:00,100.00
2020-01-28 04:30:00,42.00
2020-01-28 05:30:00,416.00
2020-01-28 06:30:00,508.00
2020-01-28 07:30:00,3715.00
2020-01-28 08:30:00,11569.00
2020-01-28 09:30:00,32812.00
2020-01-28 10:30:00,57912.00
2020-01-28 11:30:00,57920.00
2020-01-28 12:30:00,36753.00
2020-01-28 13:30:00,36332.00
2020-01-28 14:30:00,67709.00
2020-01-28 15:30:00,53326.00
2020-01-28 16:30:00,28977.00
2020-01-28 17:30:00,21362.00
2020-01-28 18:30:00,13204.00
2020-01-28 19:30:00,7271.00
2020-01-28 20:30:00,5412.00
2020-01-28 21:30:00,3366.00
2020-01-28 22:30:00,2418.00
2020-01-28 23:30:00,1598.00
2020-01-29 00:30:00,751.00
2020-01-29 01:30:00,301.00
2020-01-29 02:30:00,400.00
2020-01-29 03:30:00,263.00
2020-01-29 04:30:00,640.00
2020-01-29 05:30:00,789.00
2020-01-29 06:30:00,902.00
2020-01-29 07:30:00,3080.00
2020-01-29 08:30:00,7548.00
2020-01-29 09:30:00,16324.00
2020-01-29 10:30:00,27762.00
2020-01-29 11:30:00,37382.00
2020-01-29 12:30:00,28917.00
2020-01-29 13:30:00,33851.00
2020-01-29 14:30:00,39130.00
2020-01-29 15:30:00,30129.00
2020-01-29 16:30:00,28605.00
2020-01-29 17:30:00,21211.00
2020-01-29 18:30:00,14628.00
2020-01-29 19:30:00,7809.00
2020-01-29 20:30:00,5129.00
2020-01-29 21:30:00,5841.00
2020-01-29 22:30:00,2739.00
2020-01-29 23:30:00,1168.00
2020-01-30 00:30:00,544.00
2020-01-30 01:30:00,651.00
2020-01-30 02:30:00,339.00
2020-01-30 03:30:00,232.00
2020-01-30 04:30:00,317.00
2020-01-30 05:30:00,815.00
2020-01-30 06:30:00,358.00
2020-01-30 07:30:00,1100.00
2020-01-30 08:30:00,3025.00
2020-01-30 09:30:00,6309.00
2020-01-30 10:30:00,11269.00
2020-01-30 11:30:00,12526.00
2020-01-30 12:30:00,9999.00
2020-01-30 13:30:00,10471.00
2020-01-30 14:30:00,13108.00
2020-01-30 15:30:00,9376.00
2020-01-30 16:30:00,8639.00
2020-01-30 17:30:00,5820.00
2020-01-30 18:30:00,3393.00
2020-01-30 19:30:00,8998.00
2020-01-30 20:30:00,5970.00
2020-01-30 21:30:00,4107.00
2020-01-30 22:30:00,3923.00
2020-01-30 23:30:00,2472.00
2020-01-31 00:30:00,1161.00
2020-01-31 01:30:00,645.00
2020-01-31 02:30:00,831.00
2020-01-31 03:30:00,556.00
2020-01-31 04:30:00,1427.00
2020-01-31 05:30:00,1051.00
2020-01-31 06:30:00,864.00
2020-01-31 07:30:00,4353.00
2020-01-31 08:30:00,10232.00
2020-01-31 09:30:00,21852.00
2020-01-31 10:30:00,37863.00
2020-01-31 11:30:00,36079.00
2020-01-31 12:30:00,24861.00
2020-01-31 13:30:00,28332.00
2020-01-31 14:30:00,32294.00
2020-01-31 15:30:00,23005.00
2020-01-31 16:30:00,21279.00
2020-01-31 17:30:00,13542.00
2020-01-31 18:30:00,9496.00
2020-01-31 19:30:00,6625.00
2020-01-31 20:30:00,3396.00
2020-01-31 21:30:00,1684.00
2020-01-31 22:30:00,559.00
2020-01-31 23:30:00,429.00
2020-02-01 00:30:00,286.00
2020-02-01 01:30:00,221.00
2020-02-01 02:30:00,236.00
2020-02-01 03:30:00,149.00
2020-02-01 04:30:00,56.00
2020-02-01 05:30:00,211.00
2020-02-01 06:30:00,259.00
2020-02-01 07:30:00,212.00
2020-02-01 08:30:00,237.00
2020-02-01 09:30:00,373.00
2020-02-01 10:30:00,544.00
2020-02-01 11:30:00,308.00
2020-02-01 12:30:00,539.00
2020-02-01 13:30:00,506.00
2020-02-01 14:30:00,364.00
2020-02-01 15:30:00,449.00
2020-02-01 16:30:00,505.00
2020-02-01 17:30:00,996.00
2020-02-01 18:30:00,795.00
2020-02-01 19:30:00,1231.00
2020-02-01 20:30:00,555.00
2020-02-01 21:30:00,980.00
2020-02-01 22:30:00,830.00
2020-02-01 23:30:00,592.00
2020-02-02 00:30:00,433.00
2020-02-02 01:30:00,298.00
2020-02-02 02:30:00,369.00
2020-02-02 03:30:00,83.00
2020-02-02 04:30:00,72.00
2020-02-02 05:30:00,393.00
2020-02-02 06:30:00,248.00
2020-02-02 07:30:00,158.00
2020-02-02 08:30:00,262.00
2020-02-02 09:30:00,169.00
2020-02-02 10:30:00,267.00
2020-02-02 11:30:00,371.00
2020-02-02 12:30:00,175.00
2020-02-02 13:30:00,343.00
2020-02-02 14:30:00,345.00
2020-02-02 15:30:00,264.00
2020-02-02 16:30:00,384.00
2020-02-02 17:30:00,373.00
2020-02-02 18:30:00,794.00
2020-02-02 19:30:00,394.00
2020-02-02 20:30:00,453.00
2020-02-02 21:30:00,519.00
2020-02-02 22:30:00,351.00
2020-02-02 23:30:00,226.00
2020-02-03 00:00:00,226.00
2020-02-03 00:30:00,253.00
2020-02-03 01:30:00,430.00
2020-02-03 02:30:00,320.00
2020-02-03 03:30:00,61.00
2020-02-03 04:30:00,170.00
2020-02-03 05:30:00,410.00
2020-02-03 06:30:00,1715.00
2020-02-03 07:30:00,7151.00
2020-02-03 08:30:00,23007.00
2020-02-03 09:30:00,38202.00
2020-02-03 10:30:00,48400.00
2020-02-03 11:30:00,51732.00
2020-02-03 12:30:00,49840.00
2020-02-03 13:30:00,48296.00
2020-02-03 14:30:00,51504.00
2020-02-03 15:30:00,47353.00
2020-02-03 16:30:00,29297.00
2020-02-03 17:30:00,20724.00
2020-02-03 18:30:00,15797.00
2020-02-03 19:30:00,9279.00
2020-02-03 20:30:00,5940.00
2020-02-03 21:30:00,5182.00
2020-02-03 22:30:00,8270.00
2020-02-03 23:30:00,2491.00
2020-02-04 00:30:00,1271.00
2020-02-04 01:30:00,1365.00
2020-02-04 02:30:00,1124.00
2020-02-04 03:30:00,696.00
2020-02-04 04:30:00,744.00
2020-02-04 05:30:00,1413.00
2020-02-04 06:30:00,673.00
2020-02-04 07:30:00,1680.00
2020-02-04 08:30:00,4392.00
2020-02-04 09:30:00,7610.00
2020-02-04 10:30:00,9712.00
2020-02-04 11:30:00,12749.00
2020-02-04 12:30:00,10195.00
2020-02-04 13:30:00,27878.00
2020-02-04 14:30:00,9606.00
2020-02-04 15:30:00,7756.00
2020-02-04 16:30:00,13059.00
2020-02-04 17:30:00,35759.00
2020-02-04 18:30:00,21837.00
2020-02-04 19:30:00,8549.00
2020-02-04 20:30:00,5839.00
2020-02-04 21:30:00,4069.00
2020-02-04 22:30:00,3326.00
2020-02-04 23:30:00,2052.00
2020-02-05 00:30:00,1567.00
2020-02-05 01:30:00,1202.00
2020-02-05 02:30:00,970.00
2020-02-05 03:30:00,744.00
2020-02-05 04:30:00,1383.00
2020-02-05 05:30:00,1602.00
2020-02-05 06:30:00,1746.00
2020-02-05 07:30:00,3531.00
2020-02-05 08:30:00,8311.00
2020-02-05 09:30:00,16081.00
2020-02-05 10:30:00,22185.00
2020-02-05 11:30:00,24878.00
2020-02-05 12:30:00,20172.00
2020-02-05 13:30:00,25485.00
2020-02-05 14:30:00,26411.00
2020-02-05 15:30:00,19250.00
2020-02-05 16:30:00,16733.00
2020-02-05 17:30:00,12314.00
2020-02-05 18:30:00,9963.00
2020-02-05 19:30:00,6966.00
2020-02-05 20:30:00,3710.00
2020-02-05 21:30:00,3843.00
2020-02-05 22:30:00,2304.00
2020-02-05 23:30:00,1417.00
2020-02-06 00:30:00,805.00
2020-02-06 01:30:00,837.00
2020-02-06 02:30:00,592.00
2020-02-06 03:30:00,265.00
2020-02-06 04:30:00,459.00
2020-02-06 05:30:00,880.00
2020-02-06 06:30:00,759.00
2020-02-06 07:30:00,1487.00
2020-02-06 08:30:00,2774.00
2020-02-06 09:30:00,15006.00
2020-02-06 10:30:00,24557.00
2020-02-06 11:30:00,29829.00
2020-02-06 12:30:00,18428.00
2020-02-06 13:30:00,23289.00
2020-02-06 14:30:00,19632.00
2020-02-06 15:30:00,18010.00
2020-02-06 16:30:00,17511.00
2020-02-06 17:30:00,11610.00
2020-02-06 18:30:00,9278.00
2020-02-06 19:30:00,7340.00
2020-02-06 20:30:00,5159.00
2020-02-06 21:30:00,3923.00
2020-02-06 22:30:00,3278.00
2020-02-06 23:30:00,1712.00
2020-02-07 00:30:00,1145.00
2020-02-07 01:30:00,766.00
2020-02-07 02:30:00,624.00
2020-02-07 03:30:00,222.00
2020-02-07 04:30:00,550.00
2020-02-07 05:30:00,989.00
2020-02-07 06:30:00,237.00
2020-02-07 07:30:00,1108.00
2020-02-07 08:30:00,2775.00
2020-02-07 09:30:00,5266.00
2020-02-07 10:30:00,8440.00
2020-02-07 11:30:00,8609.00
2020-02-07 12:30:00,6354.00
2020-02-07 13:30:00,7740.00
2020-02-07 14:30:00,7164.00
2020-02-07 15:30:00,6417.00
2020-02-07 16:30:00,8930.00
2020-02-07 17:30:00,15459.00
2020-02-07 18:30:00,12116.00
2020-02-07 19:30:00,7107.00
2020-02-07 20:30:00,5652.00
2020-02-07 21:30:00,2546.00
2020-02-07 22:30:00,1845.00
2020-02-07 23:30:00,1453.00
2020-02-08 00:30:00,643.00
2020-02-08 01:30:00,613.00
2020-02-08 02:30:00,446.00
2020-02-08 03:30:00,393.00
2020-02-08 04:30:00,259.00
2020-02-08 05:30:00,352.00
2020-02-08 06:30:00,104.00
2020-02-08 07:30:00,330.00
2020-02-08 08:30:00,144.00
2020-02-08 11:30:00,517.00
2020-02-08 12:30:00,669.00
2020-02-08 13:30:00,1126.00
2020-02-08 14:30:00,869.00
2020-02-08 15:30:00,95.00
2020-02-08 16:30:00,108.00
2020-02-08 17:30:00,149.00
2020-02-08 18:30:00,162.00
2020-02-08 19:30:00,46.00
2020-02-08 20:30:00,94.00
2020-02-08 21:30:00,255.00
2020-02-08 22:30:00,132.00
2020-02-08 23:30:00,42.00
2020-02-09 00:30:00,54.00
2020-02-09 01:30:00,40.00
2020-02-09 02:30:00,38.00
2020-02-09 03:30:00,45.00
2020-02-09 04:30:00,36.00
2020-02-09 05:30:00,68.00
2020-02-09 06:30:00,64.00
2020-02-09 07:30:00,42.00
2020-02-09 08:30:00,69.00
2020-02-09 09:30:00,197.00
2020-02-09 10:30:00,146.00
2020-02-09 11:30:00,178.00
2020-02-09 12:30:00,120.00
2020-02-09 13:30:00,88.00
2020-02-09 14:30:00,280.00
2020-02-09 15:30:00,316.00
2020-02-09 16:30:00,156.00
2020-02-09 17:30:00,306.00
2020-02-09 18:30:00,263.00
2020-02-09 19:30:00,190.00
2020-02-09 20:30:00,213.00
2020-02-09 21:30:00,229.00
2020-02-09 22:30:00,158.00
2020-02-09 23:30:00,229.00
2020-02-10 00:00:00,229.00
2020-02-10 00:30:00,67.00
2020-02-10 01:30:00,66.00
2020-02-10 02:30:00,40.00
2020-02-10 03:30:00,36.00
2020-02-10 04:30:00,63.00
2020-02-10 05:30:00,167.00
2020-02-10 06:30:00,267.00
2020-02-10 07:30:00,1666.00
2020-02-10 08:30:00,4383.00
2020-02-10 09:30:00,8880.00
2020-02-10 10:30:00,44896.00
2020-02-10 11:30:00,33526.00
2020-02-10 12:30:00,40144.00
2020-02-10 13:30:00,35229.00
2020-02-10 14:30:00,33390.00
2020-02-10 15:30:00,30389.00
2020-02-10 16:30:00,25612.00
2020-02-10 17:30:00,18694.00
2020-02-10 18:30:00,16204.00
2020-02-10 19:30:00,9789.00
2020-02-10 20:30:00,6629.00
2020-02-10 21:30:00,4251.00
2020-02-10 22:30:00,2469.00
2020-02-10 23:30:00,1479.00
2020-02-11 00:30:00,1330.00
2020-02-11 01:30:00,567.00
2020-02-11 02:30:00,408.00
2020-02-11 03:30:00,437.00
2020-02-11 04:30:00,315.00
2020-02-11 05:30:00,1113.00
2020-02-11 06:30:00,989.00
2020-02-11 07:30:00,3260.00
2020-02-11 08:30:00,9541.00
2020-02-11 09:30:00,28225.00
2020-02-11 10:30:00,40137.00
2020-02-11 11:30:00,45319.00
2020-02-11 12:30:00,31519.00
2020-02-11 13:30:00,30071.00
2020-02-11 14:30:00,32002.00
2020-02-11 15:30:00,26354.00
2020-02-11 16:30:00,21767.00
2020-02-11 17:30:00,16655.00
2020-02-11 18:30:00,12779.00
2020-02-11 19:30:00,6892.00
2020-02-11 20:30:00,4791.00
2020-02-11 21:30:00,3779.00
2020-02-11 22:30:00,2827.00
2020-02-11 23:30:00,1251.00
2020-02-12 00:30:00,601.00
2020-02-12 01:30:00,585.00
2020-02-12 02:30:00,412.00
2020-02-12 03:30:00,587.00
2020-02-12 04:30:00,569.00
2020-02-12 05:30:00,900.00
2020-02-12 06:30:00,965.00
2020-02-12 07:30:00,2969.00
2020-02-12 08:30:00,7874.00
2020-02-12 09:30:00,19646.00
2020-02-12 10:30:00,36499.00
2020-02-12 11:30:00,38630.00
2020-02-12 12:30:00,26616.00
2020-02-12 13:30:00,26379.00
2020-02-12 14:30:00,26420.00
2020-02-12 15:30:00,23984.00
2020-02-12 16:30:00,16922.00
2020-02-12 17:30:00,15365.00
2020-02-12 18:30:00,11737.00
2020-02-12 19:30:00,7619.00
2020-02-12 20:30:00,3689.00
2020-02-12 21:30:00,3209.00
2020-02-12 22:30:00,2145.00
2020-02-12 23:30:00,1127.00
2020-02-13 00:30:00,829.00
2020-02-13 01:30:00,596.00
2020-02-13 02:30:00,344.00
2020-02-13 03:30:00,290.00
2020-02-13 04:30:00,627.00
2020-02-13 05:30:00,705.00
2020-02-13 06:30:00,1651.00
2020-02-13 07:30:00,3400.00
2020-02-13 08:30:00,9702.00
2020-02-13 09:30:00,18802.00
2020-02-13 10:30:00,29829.00
2020-02-13 11:30:00,32888.00
2020-02-13 12:30:00,25512.00
2020-02-13 13:30:00,25872.00
2020-02-13 14:30:00,25746.00
2020-02-13 15:30:00,22013.00
2020-02-13 16:30:00,17386.00
2020-02-13 17:30:00,13501.00
2020-02-13 18:30:00,10306.00
2020-02-13 19:30:00,6886.00
2020-02-13 20:30:00,4488.00
2020-02-13 21:30:00,3426.00
2020-02-13 22:30:00,1783.00
2020-02-13 23:30:00,1204.00
2020-02-14 00:30:00,991.00
2020-02-14 01:30:00,373.00
2020-02-14 02:30:00,380.00
2020-02-14 03:30:00,246.00
2020-02-14 04:30:00,268.00
2020-02-14 05:30:00,810.00
2020-02-14 06:30:00,1169.00
2020-02-14 07:30:00,2828.00
2020-02-14 08:30:00,9048.00
2020-02-14 09:30:00,19159.00
2020-02-14 10:30:00,23952.00
2020-02-14 11:30:00,30483.00
2020-02-14 12:30:00,25359.00
2020-02-14 13:30:00,31436.00
2020-02-14 14:30:00,29697.00
2020-02-14 15:30:00,24345.00
2020-02-14 16:30:00,22036.00
2020-02-14 17:30:00,17355.00
2020-02-14 18:30:00,12523.00
2020-02-14 19:30:00,7186.00
2020-02-14 20:30:00,4457.00
2020-02-14 21:30:00,3422.00
2020-02-14 22:30:00,2097.00
2020-02-14 23:30:00,1154.00
2020-02-15 00:30:00,539.00
2020-02-15 01:30:00,298.00
2020-02-15 02:30:00,429.00
2020-02-15 03:30:00,201.00
2020-02-15 04:30:00,448.00
2020-02-15 05:30:00,574.00
2020-02-15 06:30:00,443.00
2020-02-15 07:30:00,335.00
2020-02-15 08:30:00,831.00
2020-02-15 09:30:00,1139.00
2020-02-15 10:30:00,854.00
2020-02-15 11:30:00,810.00
2020-02-15 12:30:00,819.00
2020-02-15 13:30:00,960.00
2020-02-15 14:30:00,929.00
2020-02-15 15:30:00,702.00
2020-02-15 16:30:00,775.00
2020-02-15 17:30:00,700.00
2020-02-15 18:30:00,1191.00
2020-02-15 19:30:00,866.00
2020-02-15 20:30:00,486.00
2020-02-15 21:30:00,440.00
2020-02-15 22:30:00,645.00
2020-02-15 23:30:00,346.00
2020-02-16 00:30:00,217.00
2020-02-16 01:30:00,55.00
2020-02-16 02:30:00,283.00
2020-02-16 03:30:00,88.00
2020-02-16 04:30:00,101.00
2020-02-16 05:30:00,171.00
2020-02-16 06:30:00,88.00
2020-02-16 07:30:00,348.00
2020-02-16 08:30:00,897.00
2020-02-16 09:30:00,776.00
2020-02-16 10:30:00,981.00
2020-02-16 11:30:00,904.00
2020-02-16 12:30:00,1223.00
2020-02-16 13:30:00,1037.00
2020-02-16 14:30:00,992.00
2020-02-16 15:30:00,909.00
2020-02-16 16:30:00,1527.00
2020-02-16 17:30:00,1137.00
2020-02-17 09:30:00,3617.00
2020-02-17 10:30:00,13520.00
2020-02-17 11:30:00,15044.00
2020-02-17 12:30:00,10907.00
2020-02-17 13:30:00,11561.00
2020-02-17 14:30:00,16620.00
2020-02-17 15:30:00,12419.00
2020-02-17 16:30:00,7707.00
2020-02-17 17:30:00,6606.00
2020-02-17 18:30:00,4874.00
2020-02-17 19:30:00,3115.00
2020-02-17 20:30:00,1668.00
2020-02-17 21:30:00,819.00
2020-02-17 22:30:00,3152.00
2020-02-17 23:30:00,1982.00
2020-02-18 00:30:00,708.00
2020-02-18 01:30:00,561.00
2020-02-18 02:30:00,345.00
2020-02-18 03:30:00,247.00
2020-02-18 04:30:00,366.00
2020-02-18 05:30:00,478.00
2020-02-18 06:30:00,997.00
2020-02-18 07:30:00,3778.00
2020-02-18 08:30:00,10252.00
2020-02-18 09:30:00,18227.00
2020-02-18 10:30:00,32822.00
2020-02-18 11:30:00,43705.00
2020-02-18 12:30:00,27778.00
2020-02-18 13:30:00,30905.00
2020-02-18 14:30:00,31418.00
2020-02-18 15:30:00,25820.00
2020-02-18 16:30:00,24414.00
2020-02-18 17:30:00,19752.00
2020-02-18 18:30:00,15151.00
2020-02-18 19:30:00,9358.00
2020-02-18 20:30:00,7094.00
2020-02-18 21:30:00,4557.00
2020-02-18 22:30:00,3323.00
2020-02-18 23:30:00,1479.00
2020-02-19 00:30:00,910.00
2020-02-19 01:30:00,607.00
2020-02-19 02:30:00,402.00
2020-02-19 03:30:00,370.00
2020-02-19 04:30:00,436.00
2020-02-19 05:30:00,446.00
2020-02-19 06:30:00,1358.00
2020-02-19 07:30:00,3053.00
2020-02-19 08:30:00,8466.00
2020-02-19 09:30:00,18943.00
2020-02-19 10:30:00,27345.00
2020-02-19 11:30:00,30707.00
2020-02-19 12:30:00,24932.00
2020-02-19 13:30:00,26665.00
2020-02-19 14:30:00,32337.00
2020-02-19 15:30:00,25782.00
2020-02-19 16:30:00,23083.00
2020-02-19 17:30:00,18466.00
2020-02-19 18:30:00,14514.00
2020-02-19 19:30:00,8659.00
2020-02-19 20:30:00,4547.00
2020-02-19 21:30:00,3565.00
2020-02-19 22:30:00,2925.00
2020-02-19 23:30:00,971.00
2020-02-20 00:30:00,840.00
2020-02-20 01:30:00,437.00
2020-02-20 02:30:00,562.00
2020-02-20 03:30:00,169.00
2020-02-20 04:30:00,283.00
2020-02-20 05:30:00,659.00
2020-02-20 06:30:00,1954.00
2020-02-20 07:30:00,3579.00
2020-02-20 08:30:00,8477.00
2020-02-20 09:30:00,17352.00
2020-02-20 10:30:00,25799.00
2020-02-20 11:30:00,28764.00
2020-02-20 12:30:00,23460.00
2020-02-20 13:30:00,26226.00
2020-02-20 14:30:00,32851.00
2020-02-20 15:30:00,22919.00
2020-02-20 16:30:00,20978.00
2020-02-20 17:30:00,17519.00
2020-02-20 18:30:00,15122.00
2020-02-20 19:30:00,8464.00
2020-02-20 20:30:00,4365.00
2020-02-20 21:30:00,3121.00
2020-02-20 22:30:00,3057.00
2020-02-20 23:30:00,1086.00
2020-02-21 00:30:00,984.00
2020-02-21 01:30:00,488.00
2020-02-21 02:30:00,630.00
2020-02-21 03:30:00,349.00
2020-02-21 04:30:00,239.00
2020-02-21 05:30:00,742.00
2020-02-21 06:30:00,727.00
2020-02-21 07:30:00,1954.00
2020-02-21 08:30:00,5123.00
2020-02-21 09:30:00,10251.00
2020-02-21 10:30:00,17411.00
2020-02-21 11:30:00,22033.00
2020-02-21 12:30:00,14882.00
2020-02-21 13:30:00,19052.00
2020-02-21 14:30:00,19697.00
2020-02-21 15:30:00,13278.00
2020-02-21 16:30:00,12998.00
2020-02-21 17:30:00,9789.00
2020-02-21 18:30:00,7537.00
2020-02-21 19:30:00,4938.00
2020-02-21 20:30:00,2958.00
2020-02-21 21:30:00,1893.00
2020-02-21 22:30:00,1479.00
2020-02-21 23:30:00,1167.00
2020-02-22 00:30:00,434.00
2020-02-22 01:30:00,351.00
2020-02-22 02:30:00,367.00
2020-02-22 03:30:00,306.00
2020-02-22 04:30:00,178.00
2020-02-22 05:30:00,476.00
2020-02-22 06:30:00,293.00
2020-02-22 07:30:00,244.00
2020-02-22 08:30:00,333.00
2020-02-22 09:30:00,1025.00
2020-02-22 10:30:00,932.00
2020-02-22 11:30:00,1349.00
2020-02-22 12:30:00,910.00
2020-02-22 13:30:00,1084.00
2020-02-22 14:30:00,1620.00
2020-02-22 15:30:00,494.00
2020-02-22 16:30:00,435.00
2020-02-22 17:30:00,545.00
2020-02-22 18:30:00,1017.00
2020-02-22 19:30:00,922.00
2020-02-22 20:30:00,587.00
2020-02-22 21:30:00,499.00
2020-02-22 22:30:00,926.00
2020-02-22 23:30:00,319.00
2020-02-23 00:30:00,163.00
2020-02-23 01:30:00,78.00
2020-02-23 02:30:00,193.00
2020-02-23 03:30:00,221.00
2020-02-23 04:30:00,99.00
2020-02-23 05:30:00,226.00
2020-02-23 06:30:00,295.00
2020-02-23 07:30:00,699.00
2020-02-23 08:30:00,712.00
2020-02-23 09:30:00,819.00
2020-02-23 10:30:00,719.00
2020-02-23 11:30:00,745.00
2020-02-23 12:30:00,1392.00
2020-02-23 13:30:00,1136.00
2020-02-23 14:30:00,761.00
2020-02-23 15:30:00,700.00
2020-02-23 16:30:00,1331.00
2020-02-23 17:30:00,922.00
2020-02-23 18:30:00,1266.00
2020-02-23 19:30:00,910.00
2020-02-23 20:30:00,660.00
2020-02-23 21:30:00,932.00
2020-02-23 22:30:00,1184.00
2020-02-23 23:30:00,642.00
2020-02-24 00:00:00,642.00
2020-02-24 00:30:00,325.00
2020-02-24 01:30:00,263.00
2020-02-24 02:30:00,311.00
2020-02-24 03:30:00,46.00
2020-02-24 04:30:00,218.00
2020-02-24 05:30:00,272.00
2020-02-24 06:30:00,810.00
2020-02-24 07:30:00,3635.00
2020-02-24 08:30:00,12011.00
2020-02-24 09:30:00,22820.00
2020-02-24 10:30:00,57992.00
2020-02-24 11:30:00,67896.00
2020-02-24 12:30:00,50516.00
2020-02-24 13:30:00,70855.00
2020-02-24 14:30:00,32219.00
2020-02-24 15:30:00,28958.00
2020-02-24 16:30:00,22753.00
2020-02-24 17:30:00,21861.00
2020-02-24 18:30:00,15405.00
2020-02-24 19:30:00,8610.00
2020-02-24 20:30:00,4654.00
2020-02-24 21:30:00,2965.00
2020-02-24 22:30:00,2500.00
2020-02-24 23:30:00,1429.00
2020-02-25 00:30:00,827.00
2020-02-25 01:30:00,769.00
2020-02-25 02:30:00,449.00
2020-02-25 03:30:00,518.00
2020-02-25 04:30:00,527.00
2020-02-25 05:30:00,579.00
2020-02-25 06:30:00,1383.00
2020-02-25 07:30:00,3374.00
2020-02-25 08:30:00,8042.00
2020-02-25 09:30:00,16211.00
2020-02-25 10:30:00,37402.00
2020-02-25 11:30:00,38482.00
2020-02-25 12:30:00,27775.00
2020-02-25 13:30:00,30354.00
2020-02-25 14:30:00,33301.00
2020-02-25 15:30:00,29821.00
2020-02-25 16:30:00,21450.00
2020-02-25 17:30:00,18107.00
2020-02-25 18:30:00,14117.00
2020-02-25 19:30:00,7047.00
2020-02-25 20:30:00,4697.00
2020-02-25 21:30:00,4657.00
2020-02-25 22:30:00,2346.00
2020-02-25 23:30:00,1918.00
2020-02-26 00:30:00,1420.00
2020-02-26 01:30:00,1072.00
2020-02-26 02:30:00,447.00
2020-02-26 03:30:00,299.00
2020-02-26 04:30:00,275.00
2020-02-26 05:30:00,843.00
2020-02-26 06:30:00,1320.00
2020-02-26 07:30:00,2677.00
2020-02-26 08:30:00,8602.00
2020-02-26 09:30:00,19828.00
2020-02-26 10:30:00,29828.00
2020-02-26 11:30:00,32634.00
2020-02-26 12:30:00,21054.00
2020-02-26 13:30:00,21289.00
2020-02-26 14:30:00,27067.00
2020-02-26 15:30:00,22118.00
2020-02-26 16:30:00,17929.00
2020-02-26 17:30:00,14372.00
2020-02-26 18:30:00,12809.00
2020-02-26 19:30:00,6597.00
2020-02-26 20:30:00,3383.00
2020-02-26 21:30:00,3237.00
2020-02-26 22:30:00,2370.00
2020-02-26 23:30:00,1634.00
2020-02-27 00:30:00,622.00
2020-02-27 01:30:00,344.00
2020-02-27 02:30:00,305.00
2020-02-27 03:30:00,566.00
2020-02-27 04:30:00,934.00
2020-02-27 05:30:00,471.00
2020-02-27 06:30:00,2085.00
2020-02-27 07:30:00,3176.00
2020-02-27 08:30:00,9496.00
2020-02-27 09:30:00,15793.00
2020-02-27 10:30:00,23453.00
2020-02-27 11:30:00,28046.00
2020-02-27 12:30:00,19671.00
2020-02-27 13:30:00,20400.00
2020-02-27 14:30:00,22142.00
2020-02-27 15:30:00,19728.00
2020-02-27 16:30:00,18746.00
2020-02-27 17:30:00,13177.00
2020-02-27 18:30:00,8943.00
2020-02-27 19:30:00,6717.00
2020-02-27 20:30:00,3900.00
2020-02-27 21:30:00,3520.00
2020-02-27 22:30:00,2697.00
2020-02-27 23:30:00,1807.00
2020-02-28 00:30:00,934.00
2020-02-28 01:30:00,321.00
2020-02-28 02:30:00,293.00
2020-02-28 03:30:00,487.00
2020-02-28 04:30:00,418.00
2020-02-28 05:30:00,841.00
2020-02-28 06:30:00,789.00
2020-02-28 07:30:00,2454.00
2020-02-28 08:30:00,6578.00
2020-02-28 09:30:00,13957.00
2020-02-28 10:30:00,28640.00
2020-02-28 11:30:00,28914.00
2020-02-28 12:30:00,18235.00
2020-02-28 13:30:00,22019.00
2020-02-28 14:30:00,25837.00
2020-02-28 15:30:00,19344.00
2020-02-28 16:30:00,13155.00
2020-02-28 17:30:00,6743.00
2020-02-28 18:30:00,5474.00
2020-02-28 19:30:00,3411.00
2020-02-28 20:30:00,2833.00
2020-02-28 21:30:00,1755.00
2020-02-28 22:30:00,1400.00
2020-02-28 23:30:00,483.00
2020-02-29 00:30:00,719.00
2020-02-29 01:30:00,266.00
2020-02-29 02:30:00,218.00
2020-02-29 03:30:00,127.00
2020-02-29 04:30:00,184.00
2020-02-29 05:30:00,190.00
2020-02-29 06:30:00,216.00
2020-02-29 07:30:00,316.00
2020-02-29 08:30:00,369.00
2020-02-29 09:30:00,387.00
2020-02-29 10:30:00,412.00
2020-02-29 11:30:00,692.00
2020-02-29 12:30:00,681.00
2020-02-29 13:30:00,355.00
2020-02-29 14:30:00,505.00
2020-02-29 15:30:00,444.00
2020-02-29 16:30:00,353.00
2020-02-29 17:30:00,324.00
2020-02-29 18:30:00,181.00
2020-02-29 19:30:00,482.00
2020-02-29 20:30:00,323.00
2020-02-29 21:30:00,259.00
2020-02-29 22:30:00,228.00
2020-02-29 23:30:00,510.00
2020-03-01 00:30:00,392.00
2020-03-01 01:30:00,271.00
2020-03-01 02:30:00,100.00
2020-03-01 03:30:00,59.00
2020-03-01 04:30:00,221.00
2020-03-01 05:30:00,525.00
2020-03-01 06:30:00,359.00
2020-03-01 07:30:00,334.00
2020-03-01 08:30:00,454.00
2020-03-01 09:30:00,350.00
2020-03-01 10:30:00,641.00
2020-03-01 11:30:00,556.00
2020-03-01 12:30:00,428.00
2020-03-01 13:30:00,639.00
2020-03-01 14:30:00,484.00
2020-03-01 15:30:00,1064.00
2020-03-01 16:30:00,713.00
2020-03-01 17:30:00,698.00
2020-03-01 18:30:00,838.00
2020-03-01 19:30:00,949.00
2020-03-01 20:30:00,1390.00
2020-03-01 21:30:00,1437.00
2020-03-01 22:30:00,1459.00
2020-03-01 23:30:00,903.00
2020-03-02 00:00:00,903.00
2020-03-02 00:30:00,221.00
2020-03-02 01:30:00,327.00
2020-03-02 02:30:00,333.00
2020-03-02 03:30:00,313.00
2020-03-02 04:30:00,194.00
2020-03-02 05:30:00,959.00
2020-03-02 06:30:00,1609.00
2020-03-02 07:30:00,4020.00
2020-03-02 08:30:00,12791.00
2020-03-02 09:30:00,24153.00
2020-03-02 10:30:00,32920.00
2020-03-02 11:30:00,35493.00
2020-03-02 12:30:00,26225.00
2020-03-02 13:30:00,31551.00
2020-03-02 14:30:00,27741.00
2020-03-02 15:30:00,22277.00
2020-03-02 16:30:00,19281.00
2020-03-02 17:30:00,16745.00
2020-03-02 18:30:00,13408.00
2020-03-02 19:30:00,9460.00
2020-03-02 20:30:00,5719.00
2020-03-02 21:30:00,4035.00
2020-03-02 22:30:00,2763.00
2020-03-02 23:30:00,1446.00
2020-03-03 00:30:00,1338.00
2020-03-03 01:30:00,1247.00
2020-03-03 02:30:00,796.00
2020-03-03 03:30:00,507.00
2020-03-03 04:30:00,798.00
2020-03-03 05:30:00,1021.00
2020-03-03 06:30:00,1212.00
2020-03-03 07:30:00,2866.00
2020-03-03 08:30:00,8019.00
2020-03-03 09:30:00,16602.00
2020-03-03 10:30:00,24021.00
2020-03-03 11:30:00,28298.00
2020-03-03 12:30:00,22922.00
2020-03-03 13:30:00,22627.00
2020-03-03 14:30:00,26202.00
2020-03-03 15:30:00,20187.00
2020-03-03 16:30:00,17155.00
2020-03-03 17:30:00,14517.00
2020-03-03 18:30:00,12880.00
2020-03-03 19:30:00,7779.00
2020-03-03 20:30:00,5107.00
2020-03-03 21:30:00,4264.00
2020-03-03 22:30:00,3695.00
2020-03-03 23:30:00,2087.00
2020-03-04 00:30:00,1900.00
2020-03-04 01:30:00,1950.00
2020-03-04 02:30:00,1189.00
2020-03-04 03:30:00,1063.00
2020-03-04 04:30:00,1318.00
2020-03-04 05:30:00,1638.00
2020-03-04 06:30:00,1646.00
2020-03-04 07:30:00,3210.00
2020-03-04 08:30:00,9312.00
2020-03-04 09:30:00,15894.00
2020-03-04 10:30:00,22895.00
2020-03-04 11:30:00,22906.00
2020-03-04 12:30:00,20606.00
2020-03-04 13:30:00,23943.00
2020-03-04 14:30:00,28616.00
2020-03-04 15:30:00,22372.00
2020-03-04 16:30:00,37140.00
2020-03-04 17:30:00,66415.00
2020-03-04 18:30:00,39952.00
2020-03-04 19:30:00,7832.00
2020-03-04 20:30:00,5219.00
2020-03-04 21:30:00,5143.00
2020-03-04 22:30:00,2628.00
2020-03-04 23:30:00,2492.00
2020-03-05 00:30:00,1531.00
2020-03-05 01:30:00,1750.00
2020-03-05 02:30:00,1793.00
2020-03-05 03:30:00,623.00
2020-03-05 04:30:00,1005.00
2020-03-05 05:30:00,1346.00
2020-03-05 06:30:00,1505.00
2020-03-05 07:30:00,3387.00
2020-03-05 08:30:00,11017.00
2020-03-05 09:30:00,18754.00
2020-03-05 10:30:00,25961.00
2020-03-05 11:30:00,32046.00
2020-03-05 12:30:00,21991.00
2020-03-05 13:30:00,24291.00
2020-03-05 14:30:00,26601.00
2020-03-05 15:30:00,19471.00
2020-03-05 16:30:00,18871.00
2020-03-05 17:30:00,14356.00
2020-03-05 18:30:00,11855.00
2020-03-05 19:30:00,7413.00
2020-03-05 20:30:00,6386.00
2020-03-05 21:30:00,4133.00
2020-03-05 22:30:00,3677.00
2020-03-05 23:30:00,2164.00
2020-03-06 00:30:00,1421.00
2020-03-06 01:30:00,581.00
2020-03-06 02:30:00,738.00
2020-03-06 03:30:00,646.00
2020-03-06 04:30:00,529.00
2020-03-06 05:30:00,1289.00
2020-03-06 06:30:00,1816.00
2020-03-06 07:30:00,4848.00
2020-03-06 08:30:00,10872.00
2020-03-06 09:30:00,17948.00
2020-03-06 10:30:00,32237.00
2020-03-06 11:30:00,35087.00
2020-03-06 12:30:00,22894.00
2020-03-06 13:30:00,32960.00
2020-03-06 14:30:00,37812.00
2020-03-06 15:30:00,31160.00
2020-03-06 16:30:00,27808.00
2020-03-06 17:30:00,20335.00
2020-03-06 18:30:00,14611.00
2020-03-06 19:30:00,10459.00
2020-03-06 20:30:00,5589.00
2020-03-06 21:30:00,4760.00
2020-03-06 22:30:00,2978.00
2020-03-06 23:30:00,1892.00
2020-03-07 00:30:00,1872.00
2020-03-07 01:30:00,1347.00
2020-03-07 02:30:00,1126.00
2020-03-07 03:30:00,806.00
2020-03-07 04:30:00,594.00
2020-03-07 05:30:00,683.00
2020-03-07 06:30:00,955.00
2020-03-07 07:30:00,988.00
2020-03-07 08:30:00,1547.00
2020-03-07 09:30:00,1549.00
2020-03-07 10:30:00,1502.00
2020-03-07 11:30:00,1593.00
2020-03-07 12:30:00,1861.00
2020-03-07 13:30:00,1307.00
2020-03-07 14:30:00,1163.00
2020-03-07 15:30:00,1237.00
2020-03-07 16:30:00,1245.00
2020-03-07 17:30:00,885.00
2020-03-07 18:30:00,1095.00
2020-03-07 19:30:00,661.00
2020-03-07 20:30:00,720.00
2020-03-07 21:30:00,713.00
2020-03-07 22:30:00,502.00
2020-03-07 23:30:00,824.00
2020-03-08 00:30:00,556.00
2020-03-08 01:30:00,447.00
2020-03-08 02:30:00,147.00
2020-03-08 03:30:00,200.00
2020-03-08 04:30:00,251.00
2020-03-08 05:30:00,407.00
2020-03-08 06:30:00,294.00
2020-03-08 07:30:00,306.00
2020-03-08 08:30:00,497.00
2020-03-08 09:30:00,929.00
2020-03-08 10:30:00,725.00
2020-03-08 11:30:00,782.00
2020-03-08 12:30:00,354.00
2020-03-08 13:30:00,803.00
2020-03-08 14:30:00,1135.00
2020-03-08 15:30:00,701.00
2020-03-08 16:30:00,1607.00
2020-03-08 17:30:00,1478.00
2020-03-08 18:30:00,790.00
2020-03-08 19:30:00,1171.00
2020-03-08 20:30:00,1600.00
2020-03-08 21:30:00,2097.00
2020-03-08 22:30:00,1560.00
2020-03-08 23:30:00,479.00
2020-03-09 00:00:00,479.00
2020-03-09 00:30:00,768.00
2020-03-09 01:30:00,426.00
2020-03-09 02:30:00,166.00
2020-03-09 03:30:00,362.00
2020-03-09 04:30:00,336.00
2020-03-09 05:30:00,1110.00
2020-03-09 06:30:00,2074.00
2020-03-09 07:30:00,4372.00
2020-03-09 08:30:00,14993.00
2020-03-09 09:30:00,29169.00
2020-03-09 10:30:00,44151.00
2020-03-09 11:30:00,58747.00
2020-03-09 12:30:00,40942.00
2020-03-09 13:30:00,35389.00
2020-03-09 14:30:00,32188.00
2020-03-09 15:30:00,26018.00
2020-03-09 16:30:00,27765.00
2020-03-09 17:30:00,20000.00
2020-03-09 18:30:00,13956.00
2020-03-09 19:30:00,8746.00
2020-03-09 20:30:00,5319.00
2020-03-09 21:30:00,3187.00
2020-03-09 22:30:00,2949.00
2020-03-09 23:30:00,1483.00
2020-03-10 00:30:00,1068.00
2020-03-10 01:30:00,447.00
2020-03-10 02:30:00,586.00
2020-03-10 03:30:00,469.00
2020-03-10 04:30:00,335.00
2020-03-10 05:30:00,1025.00
2020-03-10 06:30:00,993.00
2020-03-10 07:30:00,2598.00
2020-03-10 08:30:00,6496.00
2020-03-10 09:30:00,9988.00
2020-03-10 10:30:00,15011.00
2020-03-10 11:30:00,15342.00
2020-03-10 12:30:00,12343.00
2020-03-10 13:30:00,12062.00
2020-03-10 14:30:00,12934.00
2020-03-10 15:30:00,10550.00
2020-03-10 16:30:00,8496.00
2020-03-10 17:30:00,6816.00
2020-03-10 18:30:00,5233.00
2020-03-10 19:30:00,3874.00
2020-03-10 20:30:00,3035.00
2020-03-10 21:30:00,2517.00
2020-03-10 22:30:00,1407.00
2020-03-10 23:30:00,907.00
2020-03-11 00:30:00,773.00
2020-03-11 01:30:00,565.00
2020-03-11 02:30:00,416.00
2020-03-11 03:30:00,249.00
2020-03-11 04:30:00,321.00
2020-03-11 05:30:00,874.00
2020-03-11 06:30:00,1418.00
2020-03-11 07:30:00,3660.00
2020-03-11 08:30:00,10616.00
2020-03-11 09:30:00,19776.00
2020-03-11 10:30:00,31721.00
2020-03-11 11:30:00,37448.00
2020-03-11 12:30:00,25994.00
2020-03-11 13:30:00,30821.00
2020-03-11 14:30:00,27548.00
2020-03-11 15:30:00,22621.00
2020-03-11 16:30:00,25974.00
2020-03-11 17:30:00,21216.00
2020-03-11 18:30:00,14491.00
2020-03-11 19:30:00,8051.00
2020-03-11 20:30:00,4708.00
2020-03-11 21:30:00,3911.00
2020-03-11 22:30:00,2939.00
2020-03-11 23:30:00,1709.00
2020-03-12 00:30:00,965.00
2020-03-12 01:30:00,519.00
2020-03-12 02:30:00,987.00
2020-03-12 03:30:00,421.00
2020-03-12 04:30:00,308.00
2020-03-12 05:30:00,910.00
2020-03-12 06:30:00,1143.00
2020-03-12 07:30:00,2856.00
2020-03-12 08:30:00,1442.00
2020-03-12 09:30:00,21351.00
2020-03-12 10:30:00,36031.00
2020-03-12 11:30:00,39335.00
2020-03-12 12:30:00,43397.00
2020-03-12 13:30:00,45140.00
2020-03-12 14:30:00,31253.00
2020-03-12 15:30:00,30973.00
2020-03-12 16:30:00,27127.00
2020-03-12 17:30:00,21572.00
2020-03-12 18:30:00,18339.00
2020-03-12 19:30:00,11321.00
2020-03-12 20:30:00,6233.00
2020-03-12 21:30:00,4484.00
2020-03-12 22:30:00,3004.00
2020-03-12 23:30:00,2051.00
2020-03-13 00:30:00,917.00
2020-03-13 01:30:00,652.00
2020-03-13 02:30:00,425.00
2020-03-13 03:30:00,335.00
2020-03-13 04:30:00,379.00
2020-03-13 05:30:00,461.00
2020-03-13 06:30:00,1706.00
2020-03-13 07:30:00,4740.00
2020-03-13 08:30:00,12057.00
2020-03-13 09:30:00,23898.00
2020-03-13 10:30:00,39638.00
2020-03-13 11:30:00,38801.00
2020-03-13 12:30:00,28938.00
2020-03-13 13:30:00,29822.00
2020-03-13 14:30:00,31237.00
2020-03-13 15:30:00,30014.00
2020-03-13 16:30:00,25873.00
2020-03-13 17:30:00,19518.00
2020-03-13 18:30:00,16028.00
2020-03-13 19:30:00,11390.00
2020-03-13 20:30:00,6576.00
2020-03-13 21:30:00,4686.00
2020-03-13 22:30:00,2770.00
2020-03-13 23:30:00,1335.00
2020-03-14 00:30:00,679.00
2020-03-14 01:30:00,622.00
2020-03-14 02:30:00,424.00
2020-03-14 03:30:00,444.00
2020-03-14 04:30:00,348.00
2020-03-14 05:30:00,463.00
2020-03-14 06:30:00,494.00
2020-03-14 07:30:00,710.00
2020-03-14 08:30:00,1161.00
2020-03-14 09:30:00,1393.00
2020-03-14 10:30:00,1363.00
2020-03-14 11:30:00,1824.00
2020-03-14 12:30:00,1357.00
2020-03-14 13:30:00,1483.00
2020-03-14 14:30:00,1333.00
2020-03-14 15:30:00,1561.00
2020-03-14 16:30:00,1085.00
2020-03-14 17:30:00,1569.00
2020-03-14 18:30:00,1012.00
2020-03-14 19:30:00,590.00
2020-03-14 20:30:00,733.00
2020-03-14 21:30:00,669.00
2020-03-14 22:30:00,729.00
2020-03-14 23:30:00,369.00
2020-03-15 00:30:00,261.00
2020-03-15 01:30:00,289.00
2020-03-15 02:30:00,201.00
2020-03-15 03:30:00,102.00
2020-03-15 04:30:00,154.00
2020-03-15 05:30:00,129.00
2020-03-15 06:30:00,171.00
2020-03-15 07:30:00,712.00
2020-03-15 08:30:00,601.00
2020-03-15 09:30:00,1314.00
2020-03-15 10:30:00,810.00
2020-03-15 11:30:00,964.00
2020-03-15 12:30:00,1042.00
2020-03-15 13:30:00,1344.00
2020-03-15 14:30:00,1587.00
2020-03-15 15:30:00,1718.00
2020-03-15 16:30:00,1613.00
2020-03-15 17:30:00,1131.00
2020-03-15 18:30:00,1341.00
2020-03-15 19:30:00,841.00
2020-03-17 22:30:00,2899.00
2020-03-17 23:30:00,987.00
2020-03-18 00:30:00,1357.00
2020-03-18 01:30:00,543.00
2020-03-18 02:30:00,415.00
2020-03-18 03:30:00,204.00
2020-03-18 04:30:00,269.00
2020-03-18 05:30:00,534.00
2020-03-18 06:30:00,859.00
2020-03-18 07:30:00,3420.00
2020-03-18 08:30:00,10742.00
2020-03-18 09:30:00,19445.00
2020-03-18 10:30:00,26798.00
2020-03-18 11:30:00,39088.00
2020-03-18 12:30:00,31234.00
2020-03-18 13:30:00,25503.00
2020-03-18 14:30:00,23253.00
2020-03-18 15:30:00,22987.00
2020-03-18 16:30:00,19517.00
2020-03-18 17:30:00,15856.00
2020-03-18 18:30:00,19193.00
2020-03-18 19:30:00,20977.00
2020-03-18 20:30:00,9378.00
2020-03-18 21:30:00,4778.00
2020-03-18 22:30:00,4535.00
2020-03-18 23:30:00,2481.00
2020-03-19 00:30:00,1191.00
2020-03-19 01:30:00,674.00
2020-03-19 02:30:00,408.00
2020-03-19 03:30:00,254.00
2020-03-19 04:30:00,448.00
2020-03-19 05:30:00,707.00
2020-03-19 06:30:00,1178.00
2020-03-19 07:30:00,3289.00
2020-03-19 08:30:00,8250.00
2020-03-19 09:30:00,16639.00
2020-03-19 10:30:00,29475.00
2020-03-19 11:30:00,44897.00
2020-03-19 12:30:00,43432.00
2020-03-19 13:30:00,30688.00
2020-03-19 14:30:00,25987.00
2020-03-19 15:30:00,20885.00
2020-03-19 16:30:00,19575.00
2020-03-19 17:30:00,16740.00
2020-03-19 18:30:00,15511.00
2020-03-19 19:30:00,11000.00
2020-03-19 20:30:00,7560.00
2020-03-19 21:30:00,6047.00
2020-03-19 22:30:00,4509.00
2020-03-19 23:30:00,2041.00
2020-03-20 00:30:00,1450.00
2020-03-20 01:30:00,733.00
2020-03-20 02:30:00,462.00
2020-03-20 03:30:00,138.00
2020-03-20 04:30:00,334.00
2020-03-20 05:30:00,955.00
2020-03-20 06:30:00,1524.00
2020-03-20 07:30:00,4759.00
2020-03-20 08:30:00,11150.00
2020-03-20 09:30:00,27329.00
2020-03-20 10:30:00,35937.00
2020-03-20 11:30:00,36806.00
2020-03-20 12:30:00,26442.00
2020-03-20 13:30:00,24379.00
2020-03-20 14:30:00,29888.00
2020-03-20 15:30:00,29098.00
2020-03-20 16:30:00,25680.00
2020-03-20 17:30:00,21904.00
2020-03-20 18:30:00,17333.00
2020-03-20 19:30:00,12026.00
2020-03-20 20:30:00,7882.00
2020-03-20 21:30:00,4187.00
2020-03-20 22:30:00,3190.00
2020-03-20 23:30:00,1622.00
2020-03-21 00:30:00,810.00
2020-03-21 01:30:00,832.00
2020-03-21 02:30:00,699.00
2020-03-21 03:30:00,303.00
2020-03-21 04:30:00,279.00
2020-03-21 05:30:00,480.00
2020-03-21 06:30:00,387.00
2020-03-21 07:30:00,540.00
2020-03-21 08:30:00,932.00
2020-03-21 09:30:00,1545.00
2020-03-21 10:30:00,2116.00
2020-03-21 11:30:00,2417.00
2020-03-21 12:30:00,1980.00
2020-03-21 13:30:00,1816.00
2020-03-21 14:30:00,2104.00
2020-03-21 15:30:00,2653.00
2020-03-21 16:30:00,1643.00
2020-03-21 17:30:00,1501.00
2020-03-21 18:30:00,1654.00
2020-03-21 19:30:00,1356.00
2020-03-21 20:30:00,1406.00
2020-03-21 21:30:00,1121.00
2020-03-21 22:30:00,1449.00
2020-03-21 23:30:00,815.00
2020-03-22 00:30:00,191.00
2020-03-22 01:30:00,122.00
2020-03-22 02:30:00,168.00
2020-03-22 03:30:00,66.00
2020-03-22 04:30:00,82.00
2020-03-22 05:30:00,70.00
2020-03-22 06:30:00,199.00
2020-03-22 07:30:00,1128.00
2020-03-22 08:30:00,1044.00
2020-03-22 09:30:00,1416.00
2020-03-22 10:30:00,2230.00
2020-03-22 11:30:00,2188.00
2020-03-22 12:30:00,3130.00
2020-03-22 13:30:00,1309.00
2020-03-22 14:30:00,1725.00
2020-03-22 15:30:00,1925.00
2020-03-22 16:30:00,1309.00
2020-03-22 17:30:00,2572.00
2020-03-22 18:30:00,2206.00
2020-03-22 19:30:00,3076.00
2020-03-22 20:30:00,2079.00
2020-03-22 21:30:00,2038.00
2020-03-22 22:30:00,2194.00
2020-03-22 23:30:00,1750.00
2020-03-23 00:00:00,1750.00
2020-03-23 00:30:00,861.00
2020-03-23 01:30:00,607.00
2020-03-23 02:30:00,43.00
2020-03-23 03:30:00,142.00
2020-03-23 04:30:00,269.00
2020-03-23 05:30:00,706.00
2020-03-23 06:30:00,2275.00
2020-03-23 07:30:00,4930.00
2020-03-23 08:30:00,15459.00
2020-03-23 09:30:00,27934.00
2020-03-23 10:30:00,33592.00
2020-03-23 11:30:00,32651.00
2020-03-23 12:30:00,31691.00
2020-03-23 13:30:00,19544.00
2020-03-23 14:30:00,27898.00
2020-03-23 15:30:00,27535.00
2020-03-23 16:30:00,22721.00
2020-03-23 17:30:00,21229.00
2020-03-23 18:30:00,15291.00
2020-03-23 19:30:00,12236.00
2020-03-23 20:30:00,7623.00
2020-03-23 21:30:00,5929.00
2020-03-23 22:30:00,3742.00
2020-03-23 23:30:00,1531.00
2020-03-24 00:30:00,1462.00
2020-03-24 01:30:00,806.00
2020-03-24 02:30:00,311.00
2020-03-24 03:30:00,270.00
2020-03-24 04:30:00,245.00
2020-03-24 05:30:00,596.00
2020-03-24 06:30:00,1461.00
2020-03-24 07:30:00,3471.00
2020-03-24 08:30:00,9593.00
2020-03-24 09:30:00,22149.00
2020-03-24 10:30:00,30571.00
2020-03-24 11:30:00,30508.00
2020-03-24 12:30:00,23310.00
2020-03-24 13:30:00,21317.00
2020-03-24 14:30:00,21843.00
2020-03-24 15:30:00,33043.00
2020-03-24 16:30:00,19201.00
2020-03-24 17:30:00,13313.00
2020-03-24 18:30:00,16533.00
2020-03-24 19:30:00,9103.00
2020-03-24 20:30:00,6809.00
2020-03-24 21:30:00,5999.00
2020-03-24 22:30:00,4673.00
2020-03-24 23:30:00,2486.00
2020-03-25 00:30:00,2066.00
2020-03-25 01:30:00,853.00
2020-03-25 02:30:00,275.00
2020-03-25 03:30:00,173.00
2020-03-25 04:30:00,326.00
2020-03-25 05:30:00,398.00
2020-03-25 06:30:00,1243.00
2020-03-25 07:30:00,1576.00
2020-03-25 08:30:00,2701.00
2020-03-25 09:30:00,4674.00
2020-03-25 10:30:00,8026.00
2020-03-25 11:30:00,8184.00
2020-03-25 12:30:00,7854.00
2020-03-25 13:30:00,7023.00
2020-03-25 14:30:00,8121.00
2020-03-25 15:30:00,7881.00
2020-03-25 16:30:00,7016.00
2020-03-25 17:30:00,5755.00
2020-03-25 18:30:00,6303.00
2020-03-25 19:30:00,4606.00
2020-03-25 20:30:00,4796.00
2020-03-25 21:30:00,3643.00
2020-03-25 22:30:00,3305.00
2020-03-25 23:30:00,1204.00
2020-03-26 00:30:00,904.00
2020-03-26 01:30:00,697.00
2020-03-26 02:30:00,234.00
2020-03-26 03:30:00,126.00
2020-03-26 04:30:00,318.00
2020-03-26 05:30:00,457.00
2020-03-26 06:30:00,930.00
2020-03-26 07:30:00,3383.00
2020-03-26 08:30:00,12443.00
2020-03-26 09:30:00,23001.00
2020-03-26 10:30:00,36445.00
2020-03-26 11:30:00,35722.00
2020-03-26 12:30:00,28641.00
2020-03-26 13:30:00,20600.00
2020-03-26 14:30:00,23239.00
2020-03-26 15:30:00,21242.00
2020-03-26 16:30:00,31738.00
2020-03-26 17:30:00,18223.00
2020-03-26 18:30:00,16794.00
2020-03-26 19:30:00,11800.00
2020-03-26 20:30:00,45328.00
2020-03-26 21:30:00,71925.00
2020-03-26 22:30:00,27066.00
2020-03-26 23:30:00,2218.00
2020-03-27 00:30:00,731.00
2020-03-27 01:30:00,753.00
2020-03-27 02:30:00,469.00
2020-03-27 03:30:00,203.00
2020-03-27 04:30:00,221.00
2020-03-27 05:30:00,522.00
2020-03-27 06:30:00,1326.00
2020-03-27 07:30:00,3045.00
2020-03-27 08:30:00,8697.00
2020-03-27 09:30:00,17413.00
2020-03-27 10:30:00,26461.00
2020-03-27 11:30:00,27261.00
2020-03-27 12:30:00,22972.00
2020-03-27 13:30:00,17923.00
2020-03-27 14:30:00,21636.00
2020-03-27 15:30:00,20036.00
2020-03-27 16:30:00,16867.00
2020-03-27 17:30:00,15984.00
2020-03-27 18:30:00,14059.00
2020-03-27 19:30:00,9762.00
2020-03-27 20:30:00,6876.00
2020-03-27 21:30:00,4484.00
2020-03-27 22:30:00,3123.00
2020-03-27 23:30:00,2196.00
2020-03-28 00:30:00,1204.00
2020-03-28 01:30:00,577.00
2020-03-28 02:30:00,286.00
2020-03-28 03:30:00,111.00
2020-03-28 04:30:00,234.00
2020-03-28 05:30:00,278.00
2020-03-28 06:30:00,429.00
2020-03-28 07:30:00,438.00
2020-03-28 08:30:00,697.00
2020-03-28 09:30:00,1700.00
2020-03-28 10:30:00,3726.00
2020-03-28 11:30:00,2680.00
2020-03-28 12:30:00,2331.00
2020-03-28 13:30:00,2231.00
2020-03-28 14:30:00,1213.00
2020-03-28 15:30:00,1947.00
2020-03-28 16:30:00,1514.00
2020-03-28 17:30:00,2064.00
2020-03-28 18:30:00,2239.00
2020-03-28 19:30:00,2308.00
2020-03-28 20:30:00,1591.00
2020-03-28 21:30:00,1832.00
2020-03-28 22:30:00,1263.00
2020-03-28 23:30:00,785.00
2020-03-29 00:30:00,213.00
2020-03-29 01:30:00,323.00
2020-03-29 02:30:00,300.00
2020-03-29 03:30:00,60.00
2020-03-29 04:30:00,89.00
2020-03-29 05:30:00,208.00
2020-03-29 06:30:00,268.00
2020-03-29 07:30:00,543.00
2020-03-29 08:30:00,643.00
2020-03-29 09:30:00,1692.00
2020-03-29 10:30:00,2614.00
2020-03-29 11:30:00,1985.00
2020-03-29 12:30:00,2046.00
2020-03-29 13:30:00,1970.00
2020-03-29 14:30:00,2512.00
2020-03-29 15:30:00,3332.00
2020-03-29 16:30:00,1876.00
2020-03-29 17:30:00,3074.00
2020-03-29 18:30:00,3777.00
2020-03-29 19:30:00,3264.00
2020-03-29 20:30:00,1939.00
2020-03-29 21:30:00,1929.00
2020-03-29 22:30:00,1527.00
2020-03-29 23:30:00,870.00
2020-03-30 00:00:00,870.00
2020-03-30 00:30:00,345.00
2020-03-30 01:30:00,308.00
2020-03-30 02:30:00,168.00
2020-03-30 03:30:00,108.00
2020-03-30 04:30:00,117.00
2020-03-30 05:30:00,484.00
2020-03-30 06:30:00,1169.00
2020-03-30 07:30:00,3862.00
2020-03-30 08:30:00,12665.00
2020-03-30 09:30:00,22055.00
2020-03-30 10:30:00,26388.00
2020-03-30 11:30:00,30658.00
2020-03-30 12:30:00,25011.00
2020-03-30 13:30:00,18613.00
2020-03-30 14:30:00,19403.00
2020-03-30 15:30:00,19646.00
2020-03-30 16:30:00,15926.00
2020-03-30 17:30:00,17352.00
2020-03-30 18:30:00,11527.00
2020-03-30 19:30:00,9631.00
2020-03-30 20:30:00,6416.00
2020-03-30 21:30:00,5375.00
2020-03-30 22:30:00,4036.00
2020-03-30 23:30:00,3034.00
2020-03-31 00:30:00,1349.00
2020-03-31 01:30:00,377.00
2020-03-31 02:30:00,250.00
2020-03-31 03:30:00,146.00
2020-03-31 04:30:00,158.00
2020-03-31 05:30:00,550.00
2020-03-31 06:30:00,1174.00
2020-03-31 07:30:00,3727.00
2020-03-31 08:30:00,10757.00
2020-03-31 09:30:00,19057.00
2020-03-31 10:30:00,24905.00
2020-03-31 11:30:00,26510.00
2020-03-31 12:30:00,17534.00
2020-03-31 13:30:00,15032.00
2020-03-31 14:30:00,15320.00
2020-03-31 15:30:00,11586.00
2020-03-31 16:30:00,10116.00
2020-03-31 17:30:00,9204.00
2020-03-31 18:30:00,13500.00
2020-03-31 19:30:00,8242.00
2020-03-31 20:30:00,6512.00
2020-03-31 21:30:00,5784.00
2020-03-31 22:30:00,2913.00
2020-03-31 23:30:00,2265.00
2020-04-01 00:30:00,1063.00
2020-04-01 01:30:00,568.00
2020-04-01 02:30:00,312.00
2020-04-01 03:30:00,194.00
2020-04-01 04:30:00,417.00
2020-04-01 05:30:00,1144.00
2020-04-01 06:30:00,1747.00
2020-04-01 07:30:00,4125.00
2020-04-01 08:30:00,11039.00
2020-04-01 09:30:00,16242.00
2020-04-01 10:30:00,23299.00
2020-04-01 11:30:00,21166.00
2020-04-01 12:30:00,18338.00
2020-04-01 13:30:00,16011.00
2020-04-01 14:30:00,16312.00
2020-04-01 15:30:00,17052.00
2020-04-01 16:30:00,14444.00
2020-04-01 17:30:00,11891.00
2020-04-01 18:30:00,9741.00
2020-04-01 19:30:00,8192.00
2020-04-01 20:30:00,6489.00
2020-04-01 21:30:00,4422.00
2020-04-01 22:30:00,3277.00
2020-04-01 23:30:00,2403.00
2020-04-02 00:30:00,1318.00
2020-04-02 01:30:00,1135.00
2020-04-02 02:30:00,565.00
2020-04-02 03:30:00,637.00
2020-04-02 04:30:00,597.00
2020-04-02 05:30:00,935.00
2020-04-02 06:30:00,1675.00
2020-04-02 07:30:00,3642.00
2020-04-02 08:30:00,8355.00
2020-04-02 09:30:00,15906.00
2020-04-02 10:30:00,23372.00
2020-04-02 11:30:00,22681.00
2020-04-02 12:30:00,20101.00
2020-04-02 13:30:00,17137.00
2020-04-02 14:30:00,16217.00
2020-04-02 15:30:00,15765.00
2020-04-02 16:30:00,13985.00
2020-04-02 17:30:00,12782.00
2020-04-02 18:30:00,10800.00
2020-04-02 19:30:00,7957.00
2020-04-02 20:30:00,5416.00
2020-04-02 21:30:00,5584.00
2020-04-02 22:30:00,3119.00
2020-04-02 23:30:00,1971.00
2020-04-03 00:30:00,923.00
2020-04-03 01:30:00,768.00
2020-04-03 02:30:00,414.00
2020-04-03 03:30:00,516.00
2020-04-03 04:30:00,283.00
2020-04-03 05:30:00,1025.00
2020-04-03 06:30:00,1654.00
2020-04-03 07:30:00,3882.00
2020-04-03 08:30:00,8992.00
2020-04-03 09:30:00,18424.00
2020-04-03 10:30:00,27996.00
2020-04-03 11:30:00,25627.00
2020-04-03 12:30:00,21416.00
2020-04-03 13:30:00,21317.00
2020-04-03 14:30:00,20564.00
2020-04-03 15:30:00,17031.00
2020-04-03 16:30:00,19044.00
2020-04-03 17:30:00,34520.00
2020-04-03 18:30:00,16643.00
2020-04-03 19:30:00,11109.00
2020-04-03 20:30:00,7732.00
2020-04-03 21:30:00,5262.00
2020-04-03 22:30:00,3363.00
2020-04-03 23:30:00,1509.00
2020-04-04 00:30:00,1141.00
2020-04-04 01:30:00,692.00
2020-04-04 02:30:00,344.00
2020-04-04 03:30:00,155.00
2020-04-04 04:30:00,280.00
2020-04-04 05:30:00,450.00
2020-04-04 06:30:00,661.00
2020-04-04 07:30:00,550.00
2020-04-04 08:30:00,948.00
2020-04-04 09:30:00,2034.00
2020-04-04 10:30:00,2457.00
2020-04-04 11:30:00,2848.00
2020-04-04 12:30:00,2418.00
2020-04-04 13:30:00,1502.00
2020-04-04 14:30:00,2127.00
2020-04-04 15:30:00,2546.00
2020-04-04 16:30:00,2302.00
2020-04-04 17:30:00,1879.00
2020-04-04 18:30:00,1844.00
2020-04-04 19:30:00,2388.00
2020-04-04 20:30:00,1507.00
2020-04-04 21:30:00,1140.00
2020-04-04 22:30:00,1002.00
2020-04-04 23:30:00,443.00
2020-04-05 00:30:00,393.00
2020-04-05 01:30:00,356.00
2020-04-05 02:30:00,56.00
2020-04-05 03:30:00,153.00
2020-04-05 04:30:00,60.00
2020-04-05 05:30:00,252.00
2020-04-05 06:30:00,409.00
2020-04-05 07:30:00,446.00
2020-04-05 08:30:00,854.00
2020-04-05 09:30:00,1370.00
2020-04-05 10:30:00,2076.00
2020-04-05 11:30:00,1572.00
2020-04-05 12:30:00,1404.00
2020-04-05 13:30:00,1748.00
2020-04-05 14:30:00,1874.00
2020-04-05 15:30:00,2857.00
2020-04-05 16:30:00,2096.00
2020-04-05 17:30:00,2318.00
2020-04-05 18:30:00,3093.00
2020-04-05 19:30:00,2263.00
2020-04-05 20:30:00,1484.00
2020-04-05 21:30:00,1972.00
2020-04-05 22:30:00,2611.00
2020-04-05 23:30:00,1564.00
2020-04-06 00:00:00,1564.00
2020-04-06 00:30:00,687.00
2020-04-06 01:30:00,413.00
2020-04-06 02:30:00,186.00
2020-04-06 03:30:00,150.00
2020-04-06 04:30:00,200.00
2020-04-06 05:30:00,1307.00
2020-04-06 06:30:00,2574.00
2020-04-06 07:30:00,7088.00
2020-04-06 08:30:00,19513.00
2020-04-06 09:30:00,43529.00
2020-04-06 10:30:00,42640.00
2020-04-06 11:30:00,39284.00
2020-04-06 12:30:00,31054.00
2020-04-06 13:30:00,24897.00
2020-04-06 14:30:00,23735.00
2020-04-06 15:30:00,21590.00
2020-04-06 16:30:00,24749.00
2020-04-06 17:30:00,22536.00
2020-04-06 18:30:00,17715.00
2020-04-06 19:30:00,13825.00
2020-04-06 20:30:00,8337.00
2020-04-06 21:30:00,5564.00
2020-04-06 22:30:00,4607.00
2020-04-06 23:30:00,2348.00
2020-04-07 00:30:00,1776.00
2020-04-07 01:30:00,822.00
2020-04-07 02:30:00,911.00
2020-04-07 03:30:00,524.00
2020-04-07 04:30:00,452.00
2020-04-07 05:30:00,683.00
2020-04-07 06:30:00,1572.00
2020-04-07 07:30:00,4119.00
2020-04-07 08:30:00,11320.00
2020-04-07 09:30:00,20380.00
2020-04-07 10:30:00,25696.00
2020-04-07 11:30:00,27885.00
2020-04-07 12:30:00,23566.00
2020-04-07 13:30:00,19874.00
2020-04-07 14:30:00,24228.00
2020-04-07 15:30:00,24212.00
2020-04-07 16:30:00,36839.00
2020-04-07 17:30:00,23690.00
2020-04-07 18:30:00,15000.00
2020-04-07 19:30:00,11422.00
2020-04-07 20:30:00,7121.00
2020-04-07 21:30:00,5779.00
2020-04-07 22:30:00,3609.00
2020-04-07 23:30:00,1962.00
2020-04-08 00:30:00,1197.00
2020-04-08 01:30:00,689.00
2020-04-08 02:30:00,321.00
2020-04-08 03:30:00,339.00
2020-04-08 04:30:00,462.00
2020-04-08 05:30:00,884.00
2020-04-08 06:30:00,1588.00
2020-04-08 07:30:00,3282.00
2020-04-08 08:30:00,9702.00
2020-04-08 09:30:00,17102.00
2020-04-08 10:30:00,23967.00
2020-04-08 11:30:00,24379.00
2020-04-08 12:30:00,21027.00
2020-04-08 13:30:00,18077.00
2020-04-08 14:30:00,19638.00
2020-04-08 15:30:00,16102.00
2020-04-08 16:30:00,17086.00
2020-04-08 17:30:00,13862.00
2020-04-08 18:30:00,12298.00
2020-04-08 19:30:00,9415.00
2020-04-08 20:30:00,4994.00
2020-04-08 21:30:00,4501.00
2020-04-08 22:30:00,3363.00
2020-04-08 23:30:00,2421.00
2020-04-09 00:30:00,1203.00
2020-04-09 01:30:00,841.00
2020-04-09 02:30:00,762.00
2020-04-09 03:30:00,388.00
2020-04-09 04:30:00,267.00
2020-04-09 05:30:00,655.00
2020-04-09 06:30:00,1429.00
2020-04-09 07:30:00,2784.00
2020-04-09 08:30:00,7882.00
2020-04-09 09:30:00,13688.00
2020-04-09 10:30:00,20513.00
2020-04-09 11:30:00,34689.00
2020-04-09 12:30:00,26282.00
2020-04-09 13:30:00,16120.00
2020-04-09 14:30:00,14564.00
2020-04-09 15:30:00,19536.00
2020-04-09 16:30:00,19319.00
2020-04-09 17:30:00,16546.00
2020-04-09 18:30:00,13888.00
2020-04-09 19:30:00,11405.00
2020-04-09 20:30:00,6101.00
2020-04-09 21:30:00,5095.00
2020-04-09 22:30:00,2781.00
2020-04-09 23:30:00,1877.00
2020-04-10 00:30:00,1186.00
2020-04-10 01:30:00,904.00
2020-04-10 02:30:00,585.00
2020-04-10 03:30:00,371.00
2020-04-10 04:30:00,566.00
2020-04-10 05:30:00,604.00
2020-04-10 06:30:00,1348.00
2020-04-10 07:30:00,3573.00
2020-04-10 08:30:00,9534.00
2020-04-10 09:30:00,18572.00
2020-04-10 10:30:00,24206.00
2020-04-10 11:30:00,25455.00
2020-04-10 12:30:00,26366.00
2020-04-10 13:30:00,28160.00
2020-04-10 14:30:00,18207.00
2020-04-10 15:30:00,19172.00
2020-04-10 16:30:00,20564.00
2020-04-10 17:30:00,18093.00
2020-04-10 18:30:00,17418.00
2020-04-10 19:30:00,14573.00
2020-04-10 20:30:00,9479.00
2020-04-10 21:30:00,6205.00
2020-04-10 22:30:00,4262.00
2020-04-10 23:30:00,1775.00
2020-04-11 00:30:00,1277.00
2020-04-11 01:30:00,1013.00
2020-04-11 02:30:00,427.00
2020-04-11 03:30:00,358.00
2020-04-11 04:30:00,193.00
2020-04-11 05:30:00,537.00
2020-04-11 06:30:00,871.00
2020-04-11 07:30:00,843.00
2020-04-11 08:30:00,1491.00
2020-04-11 09:30:00,2191.00
2020-04-11 10:30:00,3006.00
2020-04-11 11:30:00,3971.00
2020-04-11 12:30:00,2512.00
2020-04-11 13:30:00,2308.00
2020-04-11 14:30:00,2454.00
2020-04-11 15:30:00,1768.00
2020-04-11 16:30:00,1968.00
2020-04-11 17:30:00,1910.00
2020-04-11 18:30:00,2461.00
2020-04-11 19:30:00,2026.00
2020-04-11 20:30:00,1868.00
2020-04-11 21:30:00,1735.00
2020-04-11 22:30:00,1169.00
2020-04-11 23:30:00,1291.00
2020-04-12 00:30:00,669.00
2020-04-12 01:30:00,98.00
2020-04-12 02:30:00,124.00
2020-04-12 03:30:00,148.00
2020-04-12 04:30:00,144.00
2020-04-12 05:30:00,296.00
2020-04-12 06:30:00,214.00
2020-04-12 07:30:00,851.00
2020-04-12 08:30:00,696.00
2020-04-12 09:30:00,1400.00
2020-04-12 10:30:00,2043.00
2020-04-12 11:30:00,2962.00
2020-04-12 12:30:00,2186.00
2020-04-12 13:30:00,1408.00
2020-04-12 14:30:00,1942.00
2020-04-12 15:30:00,1573.00
2020-04-12 16:30:00,2079.00
2020-04-12 17:30:00,2152.00
2020-04-12 18:30:00,3790.00
2020-04-12 19:30:00,3041.00
2020-04-12 20:30:00,2878.00
2020-04-12 21:30:00,1663.00
2020-04-12 22:30:00,1633.00
2020-04-12 23:30:00,1651.00
2020-04-13 00:00:00,1651.00
2020-04-13 00:30:00,736.00
2020-04-13 01:30:00,547.00
2020-04-13 02:30:00,574.00
2020-04-13 03:30:00,260.00
2020-04-13 04:30:00,255.00
2020-04-13 05:30:00,1038.00
2020-04-13 06:30:00,1787.00
2020-04-13 07:30:00,7542.00
2020-04-13 08:30:00,18376.00
2020-04-13 09:30:00,26717.00
2020-04-13 10:30:00,25006.00
2020-04-13 11:30:00,23703.00
2020-04-13 12:30:00,26237.00
2020-04-13 13:30:00,27790.00
2020-04-13 14:30:00,22200.00
2020-04-13 15:30:00,20543.00
2020-04-13 16:30:00,20165.00
2020-04-13 17:30:00,23458.00
2020-04-13 18:30:00,18842.00
2020-04-13 19:30:00,16251.00
2020-04-13 20:30:00,11500.00
2020-04-13 21:30:00,8584.00
2020-04-13 22:30:00,5688.00
2020-04-13 23:30:00,3167.00
2020-04-14 00:30:00,1340.00
2020-04-14 01:30:00,1076.00
2020-04-14 02:30:00,773.00
2020-04-14 03:30:00,393.00
2020-04-14 04:30:00,957.00
2020-04-14 05:30:00,1256.00
2020-04-14 06:30:00,1964.00
2020-04-14 07:30:00,4519.00
2020-04-14 08:30:00,13505.00
2020-04-14 09:30:00,24248.00
2020-04-14 10:30:00,37889.00
2020-04-14 11:30:00,46602.00
2020-04-14 12:30:00,31719.00
2020-04-14 13:30:00,35777.00
2020-04-14 14:30:00,30495.00
2020-04-14 15:30:00,27855.00
2020-04-14 16:30:00,25514.00
2020-04-14 17:30:00,17094.00
2020-04-14 18:30:00,14003.00
2020-04-14 19:30:00,12191.00
2020-04-14 20:30:00,8856.00
2020-04-14 21:30:00,5862.00
2020-04-14 22:30:00,3771.00
2020-04-14 23:30:00,2193.00
2020-04-15 00:30:00,1660.00
2020-04-15 01:30:00,1188.00
2020-04-15 02:30:00,449.00
2020-04-15 03:30:00,294.00
2020-04-15 04:30:00,632.00
2020-04-15 05:30:00,853.00
2020-04-15 06:30:00,2062.00
2020-04-15 07:30:00,3405.00
2020-04-15 08:30:00,10317.00
2020-04-15 09:30:00,22159.00
2020-04-15 10:30:00,28458.00
2020-04-15 11:30:00,34224.00
2020-04-15 12:30:00,29846.00
2020-04-15 13:30:00,25970.00
2020-04-15 14:30:00,29167.00
2020-04-15 15:30:00,32246.00
2020-04-15 16:30:00,28092.00
2020-04-15 17:30:00,21104.00
2020-04-15 18:30:00,19362.00
2020-04-15 19:30:00,13049.00
2020-04-15 20:30:00,9898.00
2020-04-15 21:30:00,5904.00
2020-04-15 22:30:00,4271.00
2020-04-15 23:30:00,1965.00
2020-04-16 00:30:00,934.00
2020-04-16 01:30:00,727.00
2020-04-16 02:30:00,552.00
2020-04-16 03:30:00,276.00
2020-04-16 04:30:00,376.00
2020-04-16 05:30:00,492.00
2020-04-16 06:30:00,1056.00
2020-04-16 07:30:00,4482.00
2020-04-16 08:30:00,9827.00
2020-04-16 09:30:00,20579.00
2020-04-16 10:30:00,38324.00
2020-04-16 11:30:00,41784.00
2020-04-16 12:30:00,30283.00
2020-04-16 13:30:00,25418.00
2020-04-16 14:30:00,26499.00
2020-04-16 15:30:00,26785.00
2020-04-16 16:30:00,28928.00
2020-04-16 17:30:00,19774.00
2020-04-16 18:30:00,17164.00
2020-04-16 19:30:00,14126.00
2020-04-16 20:30:00,9462.00
2020-04-16 21:30:00,5922.00
2020-04-16 22:30:00,3334.00
2020-04-16 23:30:00,2603.00
2020-04-17 00:30:00,1129.00
2020-04-17 01:30:00,809.00
2020-04-17 02:30:00,511.00
2020-04-17 03:30:00,217.00
2020-04-17 04:30:00,215.00
2020-04-17 05:30:00,826.00
2020-04-17 06:30:00,1202.00
2020-04-17 07:30:00,3681.00
2020-04-17 08:30:00,10966.00
2020-04-17 09:30:00,19829.00
2020-04-17 10:30:00,43896.00
2020-04-17 11:30:00,51008.00
2020-04-17 12:30:00,39384.00
2020-04-17 13:30:00,32206.00
2020-04-17 14:30:00,30979.00
2020-04-17 15:30:00,29397.00
2020-04-17 16:30:00,26569.00
2020-04-17 17:30:00,23207.00
2020-04-17 18:30:00,19517.00
2020-04-17 19:30:00,13272.00
2020-04-17 20:30:00,10214.00
2020-04-17 21:30:00,19979.00
2020-04-17 22:30:00,11921.00
2020-04-17 23:30:00,2263.00
2020-04-18 00:30:00,851.00
2020-04-18 01:30:00,652.00
2020-04-18 02:30:00,214.00
2020-04-18 03:30:00,206.00
2020-04-18 04:30:00,362.00
2020-04-18 05:30:00,524.00
2020-04-18 06:30:00,652.00
2020-04-18 07:30:00,1107.00
2020-04-18 08:30:00,1279.00
2020-04-18 09:30:00,2433.00
2020-04-18 10:30:00,2994.00
2020-04-18 11:30:00,4490.00
2020-04-18 12:30:00,2123.00
2020-04-18 13:30:00,2644.00
2020-04-18 14:30:00,2688.00
2020-04-18 15:30:00,3397.00
2020-04-18 16:30:00,3140.00
2020-04-18 17:30:00,1980.00
2020-04-18 18:30:00,2543.00
2020-04-18 19:30:00,2092.00
2020-04-18 20:30:00,1976.00
2020-04-18 21:30:00,1506.00
2020-04-18 22:30:00,1654.00
2020-04-18 23:30:00,681.00
2020-04-19 00:30:00,723.00
2020-04-19 01:30:00,202.00
2020-04-19 02:30:00,100.00
2020-04-19 03:30:00,103.00
2020-04-19 04:30:00,59.00
2020-04-19 05:30:00,198.00
2020-04-19 06:30:00,528.00
2020-04-19 07:30:00,905.00
2020-04-19 08:30:00,1004.00
2020-04-19 09:30:00,1259.00
2020-04-19 10:30:00,1884.00
2020-04-19 11:30:00,2508.00
2020-04-19 12:30:00,1887.00
2020-04-19 13:30:00,2274.00
2020-04-19 14:30:00,1935.00
2020-04-19 15:30:00,2174.00
2020-04-19 16:30:00,3179.00
2020-04-19 17:30:00,3743.00
2020-04-19 18:30:00,3651.00
2020-04-19 19:30:00,4102.00
2020-04-19 20:30:00,2481.00
2020-04-19 21:30:00,2820.00
2020-04-19 22:30:00,2763.00
2020-04-19 23:30:00,1997.00
2020-04-20 00:00:00,1997.00
2020-04-20 00:30:00,562.00
2020-04-20 01:30:00,522.00
2020-04-20 02:30:00,242.00
2020-04-20 03:30:00,111.00
2020-04-20 04:30:00,223.00
2020-04-20 05:30:00,896.00
2020-04-20 06:30:00,2009.00
2020-04-20 07:30:00,7143.00
2020-04-20 08:30:00,19005.00
2020-04-20 09:30:00,29442.00
2020-04-20 10:30:00,41655.00
2020-04-20 11:30:00,42840.00
2020-04-20 12:30:00,35076.00
2020-04-20 13:30:00,26742.00
2020-04-20 14:30:00,28704.00
2020-04-20 15:30:00,31762.00
2020-04-20 16:30:00,30774.00
2020-04-20 17:30:00,21848.00
2020-04-20 18:30:00,19244.00
2020-04-20 19:30:00,15446.00
2020-04-20 20:30:00,9785.00
2020-04-20 21:30:00,7902.00
2020-04-20 22:30:00,4451.00
2020-04-20 23:30:00,3182.00
2020-04-21 00:30:00,1982.00
2020-04-21 01:30:00,782.00
2020-04-21 02:30:00,303.00
2020-04-21 03:30:00,239.00
2020-04-21 04:30:00,364.00
2020-04-21 05:30:00,1129.00
2020-04-21 06:30:00,1552.00
2020-04-21 07:30:00,4262.00
2020-04-21 08:30:00,9975.00
2020-04-21 09:30:00,21019.00
2020-04-21 10:30:00,34057.00
2020-04-21 11:30:00,31466.00
2020-04-21 12:30:00,25929.00
2020-04-21 13:30:00,24414.00
2020-04-21 14:30:00,29857.00
2020-04-21 15:30:00,27540.00
2020-04-21 16:30:00,27359.00
2020-04-21 17:30:00,22403.00
2020-04-21 18:30:00,21501.00
2020-04-21 19:30:00,16714.00
2020-04-21 20:30:00,9770.00
2020-04-21 21:30:00,8186.00
2020-04-21 22:30:00,4576.00
2020-04-21 23:30:00,2410.00
2020-04-22 00:30:00,1209.00
2020-04-22 01:30:00,1659.00
2020-04-22 02:30:00,1048.00
2020-04-22 03:30:00,1445.00
2020-04-22 04:30:00,389.00
2020-04-22 05:30:00,800.00
2020-04-22 06:30:00,1425.00
2020-04-22 07:30:00,3745.00
2020-04-22 08:30:00,9997.00
2020-04-22 09:30:00,21201.00
2020-04-22 10:30:00,30342.00
2020-04-22 11:30:00,36447.00
2020-04-22 12:30:00,26911.00
2020-04-22 13:30:00,25200.00
2020-04-22 14:30:00,23914.00
2020-04-22 15:30:00,23021.00
2020-04-22 16:30:00,22539.00
2020-04-22 17:30:00,20184.00
2020-04-22 18:30:00,19035.00
2020-04-22 19:30:00,14490.00
2020-04-22 20:30:00,8760.00
2020-04-22 21:30:00,7477.00
2020-04-22 22:30:00,6031.00
2020-04-22 23:30:00,3599.00
2020-04-23 00:30:00,2527.00
2020-04-23 01:30:00,902.00
2020-04-23 02:30:00,384.00
2020-04-23 03:30:00,256.00
2020-04-23 04:30:00,242.00
2020-04-23 05:30:00,704.00
2020-04-23 06:30:00,1363.00
2020-04-23 07:30:00,3156.00
2020-04-23 08:30:00,8937.00
2020-04-23 09:30:00,18816.00
2020-04-23 10:30:00,23304.00
2020-04-23 11:30:00,26077.00
2020-04-23 12:30:00,22487.00
2020-04-23 13:30:00,20974.00
2020-04-23 14:30:00,23598.00
2020-04-23 15:30:00,22785.00
2020-04-23 16:30:00,21789.00
2020-04-23 17:30:00,18639.00
2020-04-23 18:30:00,16040.00
2020-04-23 19:30:00,10592.00
2020-04-23 20:30:00,8435.00
2020-04-23 21:30:00,7964.00
2020-04-23 22:30:00,3349.00
2020-04-23 23:30:00,2318.00
2020-04-24 00:30:00,1652.00
2020-04-24 01:30:00,1186.00
2020-04-24 02:30:00,303.00
2020-04-24 03:30:00,450.00
2020-04-24 04:30:00,486.00
2020-04-24 05:30:00,1079.00
2020-04-24 06:30:00,1178.00
2020-04-24 07:30:00,3719.00
2020-04-24 08:30:00,10252.00
2020-04-24 09:30:00,20264.00
2020-04-24 10:30:00,33422.00
2020-04-24 11:30:00,35111.00
2020-04-24 12:30:00,28343.00
2020-04-24 13:30:00,25646.00
2020-04-24 14:30:00,28347.00
2020-04-24 15:30:00,27772.00
2020-04-24 16:30:00,24276.00
2020-04-24 17:30:00,21433.00
2020-04-24 18:30:00,19789.00
2020-04-24 19:30:00,13493.00
2020-04-24 20:30:00,7981.00
2020-04-24 21:30:00,6469.00
2020-04-24 22:30:00,3631.00
2020-04-24 23:30:00,3187.00
2020-04-25 00:30:00,2500.00
2020-04-25 01:30:00,1898.00
2020-04-25 02:30:00,1335.00
2020-04-25 03:30:00,248.00
2020-04-25 04:30:00,210.00
2020-04-25 05:30:00,291.00
2020-04-25 06:30:00,591.00
2020-04-25 07:30:00,642.00
2020-04-25 08:30:00,1100.00
2020-04-25 09:30:00,2215.00
2020-04-25 10:30:00,3182.00
2020-04-25 11:30:00,3815.00
2020-04-25 12:30:00,3894.00
2020-04-25 13:30:00,2905.00
2020-04-25 14:30:00,2940.00
2020-04-25 15:30:00,2776.00
2020-04-25 16:30:00,1290.00
2020-04-25 17:30:00,1478.00
2020-04-25 18:30:00,2554.00
2020-04-25 19:30:00,2815.00
2020-04-25 20:30:00,2539.00
2020-04-25 21:30:00,2335.00
2020-04-25 22:30:00,1675.00
2020-04-25 23:30:00,1740.00
2020-04-26 00:30:00,1203.00
2020-04-26 01:30:00,973.00
2020-04-26 02:30:00,849.00
2020-04-26 03:30:00,114.00
2020-04-26 04:30:00,127.00
2020-04-26 05:30:00,242.00
2020-04-26 06:30:00,314.00
2020-04-26 07:30:00,476.00
2020-04-26 08:30:00,620.00
2020-04-26 09:30:00,998.00
2020-04-26 10:30:00,1702.00
2020-04-26 11:30:00,2276.00
2020-04-26 12:30:00,2181.00
2020-04-26 13:30:00,2382.00
2020-04-26 14:30:00,2697.00
2020-04-26 15:30:00,3054.00
2020-04-26 16:30:00,3275.00
2020-04-26 17:30:00,2617.00
2020-04-26 18:30:00,3277.00
2020-04-26 19:30:00,2997.00
2020-04-26 20:30:00,3185.00
2020-04-26 21:30:00,3504.00
2020-04-26 22:30:00,2480.00
2020-04-26 23:30:00,1988.00
2020-04-27 00:00:00,1988.00
2020-04-27 00:30:00,980.00
2020-04-27 01:30:00,227.00
2020-04-27 02:30:00,225.00
2020-04-27 03:30:00,218.00
2020-04-27 04:30:00,379.00
2020-04-27 05:30:00,475.00
2020-04-27 06:30:00,1505.00
2020-04-27 07:30:00,4726.00
2020-04-27 08:30:00,14595.00
2020-04-27 09:30:00,27457.00
2020-04-27 10:30:00,32127.00
2020-04-27 11:30:00,32776.00
2020-04-27 12:30:00,28466.00
2020-04-27 13:30:00,23527.00
2020-04-27 14:30:00,23194.00
2020-04-27 15:30:00,24326.00
2020-04-27 16:30:00,26137.00
2020-04-27 17:30:00,22113.00
2020-04-27 18:30:00,19614.00
2020-04-27 19:30:00,13085.00
2020-04-27 20:30:00,9686.00
2020-04-27 21:30:00,7102.00
2020-04-27 22:30:00,5873.00
2020-04-27 23:30:00,4857.00
2020-04-28 00:30:00,3441.00
2020-04-28 01:30:00,2596.00
2020-04-28 02:30:00,2153.00
2020-04-28 03:30:00,930.00
2020-04-28 04:30:00,2386.00
2020-04-28 05:30:00,3793.00
2020-04-28 06:30:00,3765.00
2020-04-28 07:30:00,5267.00
2020-04-28 08:30:00,12011.00
2020-04-28 09:30:00,11228.00
2020-04-28 10:30:00,23754.00
2020-04-28 11:30:00,39994.00
2020-04-28 12:30:00,30240.00
2020-04-28 13:30:00,23903.00
2020-04-28 14:30:00,25719.00
2020-04-28 15:30:00,22023.00
2020-04-28 16:30:00,20776.00
2020-04-28 17:30:00,16937.00
2020-04-28 18:30:00,12088.00
2020-04-28 19:30:00,10394.00
2020-04-28 20:30:00,7969.00
2020-04-28 21:30:00,8738.00
2020-04-28 22:30:00,7083.00
2020-04-28 23:30:00,5831.00
2020-04-29 00:30:00,3163.00
2020-04-29 01:30:00,2546.00
2020-04-29 02:30:00,1749.00
2020-04-29 03:30:00,477.00
2020-04-29 04:30:00,362.00
2020-04-29 05:30:00,484.00
2020-04-29 06:30:00,896.00
2020-04-29 07:30:00,3058.00
2020-04-29 08:30:00,7998.00
2020-04-29 09:30:00,18769.00
2020-04-29 10:30:00,34983.00
2020-04-29 11:30:00,24228.00
2020-04-29 12:30:00,21972.00
2020-04-29 13:30:00,20974.00
2020-04-29 14:30:00,24370.00
2020-04-29 15:30:00,24019.00
2020-04-29 16:30:00,19333.00
2020-04-29 17:30:00,13699.00
2020-04-29 18:30:00,10905.00
2020-04-29 19:30:00,7867.00
2020-04-29 20:30:00,4590.00
2020-04-29 21:30:00,3679.00
2020-04-29 22:30:00,2423.00
2020-04-29 23:30:00,1591.00
2020-04-30 00:30:00,751.00
2020-04-30 01:30:00,324.00
2020-04-30 02:30:00,316.00
2020-04-30 03:30:00,189.00
2020-04-30 04:30:00,301.00
2020-04-30 05:30:00,685.00
2020-04-30 06:30:00,840.00
2020-04-30 07:30:00,2154.00
2020-04-30 08:30:00,3983.00
2020-04-30 09:30:00,7883.00
2020-04-30 10:30:00,8940.00
2020-04-30 11:30:00,10085.00
2020-04-30 12:30:00,7513.00
2020-04-30 13:30:00,8356.00
2020-04-30 14:30:00,8776.00
2020-04-30 15:30:00,9336.00
2020-04-30 16:30:00,8108.00
2020-04-30 17:30:00,5957.00
2020-04-30 18:30:00,6380.00
2020-04-30 19:30:00,4686.00
2020-04-30 20:30:00,3905.00
2020-04-30 21:30:00,2951.00
2020-04-30 22:30:00,2092.00
2020-04-30 23:30:00,2310.00
2020-05-01 00:30:00,1056.00
2020-05-01 01:30:00,806.00
2020-05-01 02:30:00,344.00
2020-05-01 03:30:00,400.00
2020-05-01 04:30:00,565.00
2020-05-01 05:30:00,649.00
2020-05-01 06:30:00,1500.00
2020-05-01 07:30:00,1361.00
2020-05-01 08:30:00,2302.00
2020-05-01 09:30:00,3933.00
2020-05-01 10:30:00,5355.00
2020-05-01 11:30:00,7037.00
2020-05-01 12:30:00,5230.00
2020-05-01 13:30:00,4868.00
2020-05-01 14:30:00,5012.00
2020-05-01 15:30:00,4456.00
2020-05-01 16:30:00,5216.00
2020-05-01 17:30:00,4388.00
2020-05-01 18:30:00,4737.00
2020-05-01 19:30:00,3952.00
2020-05-01 20:30:00,3377.00
2020-05-01 21:30:00,2321.00
2020-05-01 22:30:00,2417.00
2020-05-01 23:30:00,1014.00
2020-05-02 00:30:00,389.00
2020-05-02 01:30:00,339.00
2020-05-02 02:30:00,617.00
2020-05-02 03:30:00,213.00
2020-05-02 04:30:00,321.00
2020-05-02 05:30:00,716.00
2020-05-02 06:30:00,897.00
2020-05-02 07:30:00,866.00
2020-05-02 08:30:00,1518.00
2020-05-02 09:30:00,2133.00
2020-05-02 10:30:00,3250.00
2020-05-02 11:30:00,2565.00
2020-05-02 12:30:00,2798.00
2020-05-02 13:30:00,2085.00
2020-05-02 14:30:00,2250.00
2020-05-02 15:30:00,1609.00
2020-05-02 16:30:00,1703.00
2020-05-02 17:30:00,1581.00
2020-05-02 18:30:00,1814.00
2020-05-02 19:30:00,1854.00
2020-05-02 20:30:00,1729.00
2020-05-02 21:30:00,1200.00
2020-05-02 22:30:00,979.00
2020-05-02 23:30:00,531.00
2020-05-03 00:30:00,453.00
2020-05-03 01:30:00,353.00
2020-05-03 02:30:00,230.00
2020-05-03 03:30:00,169.00
2020-05-03 04:30:00,194.00
2020-05-03 05:30:00,444.00
2020-05-03 06:30:00,380.00
2020-05-03 07:30:00,742.00
2020-05-03 08:30:00,909.00
2020-05-03 09:30:00,1515.00
2020-05-03 10:30:00,1976.00
2020-05-03 11:30:00,1780.00
2020-05-03 12:30:00,1790.00
2020-05-03 13:30:00,1723.00
2020-05-03 14:30:00,2160.00
2020-05-03 15:30:00,2306.00
2020-05-03 16:30:00,2194.00
2020-05-03 17:30:00,2157.00
2020-05-03 18:30:00,3523.00
2020-05-03 19:30:00,2903.00
2020-05-03 20:30:00,2398.00
2020-05-03 21:30:00,1880.00
2020-05-03 22:30:00,2371.00
2020-05-03 23:30:00,899.00
2020-05-04 00:00:00,899.00
2020-05-04 00:30:00,569.00
2020-05-04 01:30:00,359.00
2020-05-04 02:30:00,275.00
2020-05-04 03:30:00,383.00
2020-05-04 04:30:00,253.00
2020-05-04 05:30:00,769.00
2020-05-04 06:30:00,2752.00
2020-05-04 07:30:00,6809.00
2020-05-04 08:30:00,18968.00
2020-05-04 09:30:00,33301.00
2020-05-04 10:30:00,36349.00
2020-05-04 11:30:00,37331.00
2020-05-04 12:30:00,29960.00
2020-05-04 13:30:00,30958.00
2020-05-04 14:30:00,28448.00
2020-05-04 15:30:00,24026.00
2020-05-04 16:30:00,23584.00
2020-05-04 17:30:00,19575.00
2020-05-04 18:30:00,14817.00
2020-05-04 19:30:00,13000.00
2020-05-04 20:30:00,8597.00
2020-05-04 21:30:00,6972.00
2020-05-04 22:30:00,5231.00
2020-05-04 23:30:00,3338.00
2020-05-05 00:30:00,1845.00
2020-05-05 01:30:00,1014.00
2020-05-05 02:30:00,337.00
2020-05-05 03:30:00,686.00
2020-05-05 04:30:00,689.00
2020-05-05 05:30:00,1607.00
2020-05-05 06:30:00,2114.00
2020-05-05 07:30:00,4343.00
2020-05-05 08:30:00,12237.00
2020-05-05 09:30:00,21507.00
2020-05-05 10:30:00,27903.00
2020-05-05 11:30:00,27699.00
2020-05-05 12:30:00,22692.00
2020-05-05 13:30:00,21560.00
2020-05-05 14:30:00,20807.00
2020-05-05 15:30:00,32281.00
2020-05-05 16:30:00,23167.00
2020-05-05 17:30:00,17287.00
2020-05-05 18:30:00,14200.00
2020-05-05 19:30:00,11024.00
2020-05-05 20:30:00,9298.00
2020-05-05 21:30:00,6830.00
2020-05-05 22:30:00,5197.00
2020-05-05 23:30:00,3803.00
2020-05-06 00:30:00,2292.00
2020-05-06 01:30:00,2123.00
2020-05-06 02:30:00,1660.00
2020-05-06 03:30:00,784.00
2020-05-06 04:30:00,783.00
2020-05-06 05:30:00,1196.00
2020-05-06 06:30:00,2437.00
2020-05-06 07:30:00,4668.00
2020-05-06 08:30:00,11199.00
2020-05-06 09:30:00,17593.00
2020-05-06 10:30:00,26401.00
2020-05-06 11:30:00,24944.00
2020-05-06 12:30:00,18983.00
2020-05-06 13:30:00,18283.00
2020-05-06 14:30:00,19264.00
2020-05-06 15:30:00,17868.00
2020-05-06 16:30:00,15659.00
2020-05-06 17:30:00,14198.00
2020-05-06 18:30:00,12178.00
2020-05-06 19:30:00,9634.00
2020-05-06 20:30:00,7384.00
2020-05-06 21:30:00,4751.00
2020-05-06 22:30:00,3966.00
2020-05-06 23:30:00,2281.00
2020-05-07 00:30:00,1449.00
2020-05-07 01:30:00,1019.00
2020-05-07 02:30:00,764.00
2020-05-07 03:30:00,624.00
2020-05-07 04:30:00,636.00
2020-05-07 05:30:00,735.00
2020-05-07 06:30:00,1448.00
2020-05-07 07:30:00,2804.00
2020-05-07 08:30:00,8297.00
2020-05-07 09:30:00,17362.00
2020-05-07 10:30:00,23331.00
2020-05-07 11:30:00,23644.00
2020-05-07 12:30:00,32439.00
2020-05-07 13:30:00,24427.00
2020-05-07 14:30:00,19557.00
2020-05-07 15:30:00,17684.00
2020-05-07 16:30:00,15894.00
2020-05-07 17:30:00,13989.00
2020-05-07 18:30:00,13305.00
2020-05-07 19:30:00,11422.00
2020-05-07 20:30:00,7865.00
2020-05-07 21:30:00,5822.00
2020-05-07 22:30:00,3763.00
2020-05-07 23:30:00,2064.00
2020-05-08 00:30:00,1455.00
2020-05-08 01:30:00,938.00
2020-05-08 02:30:00,455.00
2020-05-08 03:30:00,366.00
2020-05-08 04:30:00,450.00
2020-05-08 05:30:00,997.00
2020-05-08 06:30:00,1795.00
2020-05-08 07:30:00,4325.00
2020-05-08 08:30:00,12011.00
2020-05-08 09:30:00,20621.00
2020-05-08 10:30:00,25855.00
2020-05-08 11:30:00,34367.00
2020-05-08 12:30:00,33937.00
2020-05-08 13:30:00,33054.00
2020-05-08 14:30:00,24089.00
2020-05-08 15:30:00,20739.00
2020-05-08 16:30:00,21059.00
2020-05-08 17:30:00,11484.00
2020-05-08 18:30:00,11418.00
2020-05-08 19:30:00,13552.00
2020-05-08 20:30:00,8317.00
2020-05-08 21:30:00,5866.00
2020-05-08 22:30:00,4960.00
2020-05-08 23:30:00,2864.00
2020-05-09 00:30:00,1284.00
2020-05-09 01:30:00,951.00
2020-05-09 02:30:00,425.00
2020-05-09 03:30:00,551.00
2020-05-09 04:30:00,614.00
2020-05-09 05:30:00,500.00
2020-05-09 06:30:00,780.00
2020-05-09 07:30:00,981.00
2020-05-09 08:30:00,1735.00
2020-05-09 09:30:00,2539.00
2020-05-09 10:30:00,2733.00
2020-05-09 11:30:00,2818.00
2020-05-09 12:30:00,2234.00
2020-05-09 13:30:00,2242.00
2020-05-09 14:30:00,2157.00
2020-05-09 15:30:00,3176.00
2020-05-09 16:30:00,2455.00
2020-05-09 17:30:00,1809.00
2020-05-09 18:30:00,2067.00
2020-05-09 19:30:00,2920.00
2020-05-09 20:30:00,1941.00
2020-05-09 21:30:00,1637.00
2020-05-09 22:30:00,1164.00
2020-05-09 23:30:00,634.00
2020-05-10 00:30:00,444.00
2020-05-10 01:30:00,257.00
2020-05-10 02:30:00,217.00
2020-05-10 03:30:00,189.00
2020-05-10 04:30:00,269.00
2020-05-10 05:30:00,376.00
2020-05-10 06:30:00,537.00
2020-05-10 07:30:00,682.00
2020-05-10 08:30:00,935.00
2020-05-10 09:30:00,1533.00
2020-05-10 10:30:00,2135.00
2020-05-10 11:30:00,2618.00
2020-05-10 12:30:00,2148.00
2020-05-10 13:30:00,2524.00
2020-05-10 14:30:00,1940.00
2020-05-10 15:30:00,2219.00
2020-05-10 16:30:00,2524.00
2020-05-10 17:30:00,2834.00
2020-05-10 18:30:00,3371.00
2020-05-10 19:30:00,3596.00
2020-05-10 20:30:00,3851.00
2020-05-10 21:30:00,3075.00
2020-05-10 22:30:00,2491.00
2020-05-10 23:30:00,2614.00
2020-05-11 00:00:00,2614.00
2020-05-11 00:30:00,1729.00
2020-05-11 01:30:00,510.00
2020-05-11 02:30:00,313.00
2020-05-11 03:30:00,155.00
2020-05-11 04:30:00,364.00
2020-05-11 05:30:00,1349.00
2020-05-11 06:30:00,2629.00
2020-05-11 07:30:00,7565.00
2020-05-11 08:30:00,17564.00
2020-05-11 09:30:00,29046.00
2020-05-11 10:30:00,36527.00
2020-05-11 11:30:00,29914.00
2020-05-11 12:30:00,22122.00
2020-05-11 13:30:00,19652.00
2020-05-11 14:30:00,19424.00
2020-05-11 15:30:00,18401.00
2020-05-11 16:30:00,18932.00
2020-05-11 17:30:00,15147.00
2020-05-11 18:30:00,18951.00
2020-05-11 19:30:00,13853.00
2020-05-11 20:30:00,8070.00
2020-05-11 21:30:00,6687.00
2020-05-11 22:30:00,4184.00
2020-05-11 23:30:00,2254.00
2020-05-12 00:30:00,1233.00
2020-05-12 01:30:00,1130.00
2020-05-12 02:30:00,359.00
2020-05-12 03:30:00,483.00
2020-05-12 04:30:00,653.00
2020-05-12 05:30:00,882.00
2020-05-12 06:30:00,2047.00
2020-05-12 07:30:00,3180.00
2020-05-12 08:30:00,9458.00
2020-05-12 09:30:00,17140.00
2020-05-12 10:30:00,35484.00
2020-05-12 11:30:00,38140.00
2020-05-12 12:30:00,28472.00
2020-05-12 13:30:00,23017.00
2020-05-12 14:30:00,22915.00
2020-05-12 15:30:00,22231.00
2020-05-12 16:30:00,20168.00
2020-05-12 17:30:00,17173.00
2020-05-12 18:30:00,15095.00
2020-05-12 19:30:00,9786.00
2020-05-12 20:30:00,7701.00
2020-05-12 21:30:00,6785.00
2020-05-12 22:30:00,3913.00
2020-05-12 23:30:00,2939.00
2020-05-13 00:30:00,1471.00
2020-05-13 01:30:00,707.00
2020-05-13 02:30:00,612.00
2020-05-13 03:30:00,284.00
2020-05-13 04:30:00,556.00
2020-05-13 05:30:00,1152.00
2020-05-13 06:30:00,1815.00
2020-05-13 07:30:00,4389.00
2020-05-13 08:30:00,10102.00
2020-05-13 09:30:00,22432.00
2020-05-13 10:30:00,32761.00
2020-05-13 11:30:00,32609.00
2020-05-13 12:30:00,29944.00
2020-05-13 13:30:00,25977.00
2020-05-13 14:30:00,21491.00
2020-05-13 15:30:00,20539.00
2020-05-13 16:30:00,24503.00
2020-05-13 17:30:00,17840.00
2020-05-13 18:30:00,16713.00
2020-05-13 19:30:00,11300.00
2020-05-13 20:30:00,6393.00
2020-05-13 21:30:00,3775.00
2020-05-13 22:30:00,5005.00
2020-05-13 23:30:00,3180.00
2020-05-14 00:30:00,1031.00
2020-05-14 01:30:00,872.00
2020-05-14 02:30:00,641.00
2020-05-14 03:30:00,347.00
2020-05-14 04:30:00,263.00
2020-05-14 05:30:00,1519.00
2020-05-14 06:30:00,1343.00
2020-05-14 07:30:00,4205.00
2020-05-14 08:30:00,10365.00
2020-05-14 09:30:00,17819.00
2020-05-14 10:30:00,27298.00
2020-05-14 11:30:00,28364.00
2020-05-14 12:30:00,26193.00
2020-05-14 13:30:00,22970.00
2020-05-14 14:30:00,26516.00
2020-05-14 15:30:00,21999.00
2020-05-14 16:30:00,17851.00
2020-05-14 17:30:00,14638.00
2020-05-14 18:30:00,13746.00
2020-05-14 19:30:00,11532.00
2020-05-14 20:30:00,8966.00
2020-05-14 21:30:00,5731.00
2020-05-14 22:30:00,4105.00
2020-05-14 23:30:00,2458.00
2020-05-15 00:30:00,1364.00
2020-05-15 01:30:00,848.00
2020-05-15 02:30:00,762.00
2020-05-15 03:30:00,412.00
2020-05-15 04:30:00,515.00
2020-05-15 05:30:00,784.00
2020-05-15 06:30:00,1333.00
2020-05-15 07:30:00,4054.00
2020-05-15 08:30:00,9568.00
2020-05-15 09:30:00,20164.00
2020-05-15 10:30:00,29001.00
2020-05-15 11:30:00,35623.00
2020-05-15 12:30:00,28141.00
2020-05-15 13:30:00,24684.00
2020-05-15 14:30:00,25665.00
2020-05-15 15:30:00,25510.00
2020-05-15 16:30:00,22843.00
2020-05-15 17:30:00,23644.00
2020-05-15 18:30:00,17351.00
2020-05-15 19:30:00,14966.00
2020-05-15 20:30:00,8988.00
2020-05-15 21:30:00,5354.00
2020-05-15 22:30:00,4387.00
2020-05-15 23:30:00,2414.00
2020-05-16 00:30:00,1361.00
2020-05-16 01:30:00,845.00
2020-05-16 02:30:00,1066.00
2020-05-16 03:30:00,263.00
2020-05-16 04:30:00,342.00
2020-05-16 05:30:00,381.00
2020-05-16 06:30:00,596.00
2020-05-16 07:30:00,778.00
2020-05-16 08:30:00,904.00
2020-05-16 09:30:00,1618.00
2020-05-16 10:30:00,2142.00
2020-05-16 11:30:00,2167.00
2020-05-16 12:30:00,1377.00
2020-05-16 13:30:00,2225.00
2020-05-16 14:30:00,1689.00
2020-05-16 15:30:00,1364.00
2020-05-16 16:30:00,1146.00
2020-05-16 17:30:00,1264.00
2020-05-16 18:30:00,1549.00
2020-05-16 19:30:00,1598.00
2020-05-16 20:30:00,1157.00
2020-05-16 21:30:00,887.00
2020-05-16 22:30:00,1165.00
2020-05-16 23:30:00,699.00
2020-05-17 00:30:00,389.00
2020-05-17 01:30:00,182.00
2020-05-17 02:30:00,115.00
2020-05-17 03:30:00,56.00
2020-05-17 04:30:00,79.00
2020-05-17 05:30:00,271.00
2020-05-17 06:30:00,361.00
2020-05-17 07:30:00,872.00
2020-05-17 08:30:00,521.00
2020-05-17 09:30:00,1003.00
2020-05-17 10:30:00,1442.00
2020-05-17 11:30:00,1334.00
2020-05-17 12:30:00,632.00
